pair id,benchmark,benchmark id,solver,solver id,configuration,configuration id,status,cpu time,wallclock time,memory usage,result,Error,Expected_result
452734012,AIGER-Real/random_n_19_4_2_13_12_24_abc.aag,9165952,simpleBDDSolver,24326,seqreal2,332128,complete,155.81,155.849,92201540,NEW-REALIZABLE,-,unknown
452734013,AIGER-Real/random_n_19_4_2_13_12_24_abc.aag,9165952,simpleBDDSolver,24326,seqreal1,332129,complete,160.318,160.353,92201528,NEW-REALIZABLE,-,unknown
452734017,AIGER-Real/random_n_19_4_2_13_12_9_abc.aag,9165953,simpleBDDSolver,24326,seqreal2,332128,complete,274.503,274.531,92211560,NEW-REALIZABLE,-,unknown
452734018,AIGER-Real/random_n_19_4_2_13_12_9_abc.aag,9165953,simpleBDDSolver,24326,seqreal1,332129,complete,285.488,285.523,92211572,NEW-REALIZABLE,-,unknown
452734022,AIGER-Real/random_n_19_4_2_13_12_5_abc.aag,9165954,simpleBDDSolver,24326,seqreal2,332128,complete,31.9309,31.9375,92124432,NEW-REALIZABLE,-,unknown
452734023,AIGER-Real/random_n_19_4_2_13_12_5_abc.aag,9165954,simpleBDDSolver,24326,seqreal1,332129,complete,32.009,32.0112,92125392,NEW-REALIZABLE,-,unknown
452734027,AIGER-Real/random_n_19_4_2_13_12_92_abc.aag,9165955,simpleBDDSolver,24326,seqreal2,332128,complete,36.0192,36.042,92163600,NEW-REALIZABLE,-,unknown
452734028,AIGER-Real/random_n_19_4_2_13_12_92_abc.aag,9165955,simpleBDDSolver,24326,seqreal1,332129,complete,39.1774,39.1952,92164556,NEW-REALIZABLE,-,unknown
452734032,AIGER-Real/random_n_19_4_2_13_12_62_abc.aag,9165956,simpleBDDSolver,24326,seqreal2,332128,complete,271.292,271.33,92180136,NEW-REALIZABLE,-,unknown
452734033,AIGER-Real/random_n_19_4_2_13_12_62_abc.aag,9165956,simpleBDDSolver,24326,seqreal1,332129,complete,299.428,299.498,92180136,NEW-REALIZABLE,-,unknown
452734037,AIGER-Real/random_n_19_4_2_13_12_96_abc.aag,9165957,simpleBDDSolver,24326,seqreal2,332128,complete,34.1327,34.1397,92135384,NEW-REALIZABLE,-,unknown
452734038,AIGER-Real/random_n_19_4_2_13_12_96_abc.aag,9165957,simpleBDDSolver,24326,seqreal1,332129,complete,33.8434,33.8517,92121172,NEW-REALIZABLE,-,unknown
452734042,AIGER-Real/random_n_19_4_2_13_12_12_abc.aag,9165958,simpleBDDSolver,24326,seqreal2,332128,complete,35.6979,35.7057,92121552,NEW-REALIZABLE,-,unknown
452734043,AIGER-Real/random_n_19_4_2_13_12_12_abc.aag,9165958,simpleBDDSolver,24326,seqreal1,332129,complete,35.95,35.9526,92120116,NEW-REALIZABLE,-,unknown
452734047,AIGER-Real/random_n_19_4_2_13_12_72_abc.aag,9165959,simpleBDDSolver,24326,seqreal2,332128,complete,37.0904,37.0945,92099068,NEW-REALIZABLE,-,unknown
452734048,AIGER-Real/random_n_19_4_2_13_12_72_abc.aag,9165959,simpleBDDSolver,24326,seqreal1,332129,complete,33.1837,33.2381,92097660,NEW-REALIZABLE,-,unknown
452734052,AIGER-Real/random_n_19_4_2_13_12_82_abc.aag,9165960,simpleBDDSolver,24326,seqreal2,332128,complete,33.6748,33.6906,92094972,NEW-REALIZABLE,-,unknown
452734053,AIGER-Real/random_n_19_4_2_13_12_82_abc.aag,9165960,simpleBDDSolver,24326,seqreal1,332129,complete,38.1107,38.1358,92093532,NEW-REALIZABLE,-,unknown
452734057,AIGER-Real/random_n_19_4_2_13_12_63_abc.aag,9165961,simpleBDDSolver,24326,seqreal2,332128,complete,37.552,37.5546,92127360,NEW-REALIZABLE,-,unknown
452734058,AIGER-Real/random_n_19_4_2_13_12_63_abc.aag,9165961,simpleBDDSolver,24326,seqreal1,332129,complete,37.6899,37.7104,92126464,NEW-REALIZABLE,-,unknown
452734062,AIGER-Real/random_n_19_4_2_13_12_70_abc.aag,9165962,simpleBDDSolver,24326,seqreal2,332128,complete,33.3222,33.3249,92098300,NEW-REALIZABLE,-,unknown
452734063,AIGER-Real/random_n_19_4_2_13_12_70_abc.aag,9165962,simpleBDDSolver,24326,seqreal1,332129,complete,33.7868,33.7895,92098300,NEW-REALIZABLE,-,unknown
452734067,AIGER-Real/random_n_19_4_2_13_12_80_abc.aag,9165963,simpleBDDSolver,24326,seqreal2,332128,complete,288.655,288.703,92212972,NEW-REALIZABLE,-,unknown
452734068,AIGER-Real/random_n_19_4_2_13_12_80_abc.aag,9165963,simpleBDDSolver,24326,seqreal1,332129,complete,271.655,271.72,92180200,NEW-REALIZABLE,-,unknown
452734072,AIGER-Real/random_n_19_4_2_13_12_57_abc.aag,9165964,simpleBDDSolver,24326,seqreal2,332128,complete,38.3171,38.3201,92163964,NEW-REALIZABLE,-,unknown
452734073,AIGER-Real/random_n_19_4_2_13_12_57_abc.aag,9165964,simpleBDDSolver,24326,seqreal1,332129,complete,38.3955,38.4065,92193060,NEW-REALIZABLE,-,unknown
452734077,AIGER-Real/random_n_19_4_2_13_12_11_abc.aag,9165965,simpleBDDSolver,24326,seqreal2,332128,complete,43.5023,43.5057,92135488,NEW-REALIZABLE,-,unknown
452734078,AIGER-Real/random_n_19_4_2_13_12_11_abc.aag,9165965,simpleBDDSolver,24326,seqreal1,332129,complete,43.677,43.6811,92124892,NEW-REALIZABLE,-,unknown
452734082,AIGER-Real/random_n_19_4_2_13_12_23_abc.aag,9165966,simpleBDDSolver,24326,seqreal2,332128,complete,33.294,33.3201,92127372,NEW-REALIZABLE,-,unknown
452734083,AIGER-Real/random_n_19_4_2_13_12_23_abc.aag,9165966,simpleBDDSolver,24326,seqreal1,332129,complete,36.0265,36.0399,92127404,NEW-REALIZABLE,-,unknown
452734087,AIGER-Real/random_n_19_4_2_13_12_95_abc.aag,9165967,simpleBDDSolver,24326,seqreal2,332128,complete,273.105,273.151,92179276,NEW-REALIZABLE,-,unknown
452734088,AIGER-Real/random_n_19_4_2_13_12_95_abc.aag,9165967,simpleBDDSolver,24326,seqreal1,332129,complete,258.833,258.922,92212048,NEW-REALIZABLE,-,unknown
452734092,AIGER-Real/random_n_19_4_2_13_12_60_abc.aag,9165968,simpleBDDSolver,24326,seqreal2,332128,complete,241.213,241.281,92211272,NEW-REALIZABLE,-,unknown
452734093,AIGER-Real/random_n_19_4_2_13_12_60_abc.aag,9165968,simpleBDDSolver,24326,seqreal1,332129,complete,262.613,262.661,92178500,NEW-REALIZABLE,-,unknown
452734097,AIGER-Real/random_n_19_4_2_13_12_43_abc.aag,9165969,simpleBDDSolver,24326,seqreal2,332128,complete,150.75,150.772,92170592,NEW-REALIZABLE,-,unknown
452734098,AIGER-Real/random_n_19_4_2_13_12_43_abc.aag,9165969,simpleBDDSolver,24326,seqreal1,332129,complete,163.87,163.888,92170592,NEW-REALIZABLE,-,unknown
452734102,AIGER-Real/random_n_19_4_2_13_12_3_abc.aag,9165970,simpleBDDSolver,24326,seqreal2,332128,complete,240.568,240.611,92137160,NEW-REALIZABLE,-,unknown
452734103,AIGER-Real/random_n_19_4_2_13_12_3_abc.aag,9165970,simpleBDDSolver,24326,seqreal1,332129,complete,266.164,266.224,92137160,NEW-REALIZABLE,-,unknown
452734107,AIGER-Real/random_n_19_4_2_13_12_89_abc.aag,9165971,simpleBDDSolver,24326,seqreal2,332128,complete,34.7196,34.7327,92103892,NEW-REALIZABLE,-,unknown
452734108,AIGER-Real/random_n_19_4_2_13_12_89_abc.aag,9165971,simpleBDDSolver,24326,seqreal1,332129,complete,33.9816,33.9839,92103892,NEW-REALIZABLE,-,unknown
452734112,AIGER-Real/random_n_19_1_5_13_13_2_abc.aag,9166875,simpleBDDSolver,24326,seqreal2,332128,complete,1361.23,1361.39,92291232,NEW-UNREALIZABLE,-,unknown
452734113,AIGER-Real/random_n_19_1_5_13_13_2_abc.aag,9166875,simpleBDDSolver,24326,seqreal1,332129,complete,1354.67,1354.89,92294396,NEW-UNREALIZABLE,-,unknown
452734117,AIGER-Real/random_n_19_1_2_16_14_8_abc.aag,9166876,simpleBDDSolver,24326,seqreal2,332128,timeout (cpu),3600.05,3600.42,92403556,--,Found neither REALIZABLE nor UNREALIZABLE,unknown
452734118,AIGER-Real/random_n_19_1_2_16_14_8_abc.aag,9166876,simpleBDDSolver,24326,seqreal1,332129,timeout (cpu),3600.03,3600.63,92397188,--,Found neither REALIZABLE nor UNREALIZABLE,unknown
452734122,AIGER-Real/random_n_19_1_2_16_14_4_abc.aag,9166877,simpleBDDSolver,24326,seqreal2,332128,timeout (cpu),3600.07,3600.52,92398420,--,Found neither REALIZABLE nor UNREALIZABLE,unknown
452734123,AIGER-Real/random_n_19_1_2_16_14_4_abc.aag,9166877,simpleBDDSolver,24326,seqreal1,332129,timeout (cpu),3600.04,3600.42,92398420,--,Found neither REALIZABLE nor UNREALIZABLE,unknown
452734127,AIGER-Real/random_n_19_1_4_14_13_13_abc.aag,9166878,simpleBDDSolver,24326,seqreal2,332128,timeout (cpu),3600.06,3600.41,92326988,--,Found neither REALIZABLE nor UNREALIZABLE,unknown
452734128,AIGER-Real/random_n_19_1_4_14_13_13_abc.aag,9166878,simpleBDDSolver,24326,seqreal1,332129,timeout (cpu),3600.01,3600.43,92326988,--,Found neither REALIZABLE nor UNREALIZABLE,unknown
452734132,AIGER-Real/random_n_19_1_4_14_13_17_abc.aag,9166879,simpleBDDSolver,24326,seqreal2,332128,timeout (cpu),3600.02,3600.36,92329552,--,Found neither REALIZABLE nor UNREALIZABLE,unknown
452734133,AIGER-Real/random_n_19_1_4_14_13_17_abc.aag,9166879,simpleBDDSolver,24326,seqreal1,332129,timeout (cpu),3600.06,3600.56,92332268,--,Found neither REALIZABLE nor UNREALIZABLE,unknown
452734137,AIGER-Real/random_n_19_1_3_15_14_1_abc.aag,9166880,simpleBDDSolver,24326,seqreal2,332128,complete,3412.1,3412.41,92349212,NEW-UNREALIZABLE,-,unknown
452734138,AIGER-Real/random_n_19_1_3_15_14_1_abc.aag,9166880,simpleBDDSolver,24326,seqreal1,332129,complete,3524.32,3524.75,92349372,NEW-UNREALIZABLE,-,unknown
452734142,AIGER-Real/random_n_19_1_4_14_13_20_abc.aag,9166881,simpleBDDSolver,24326,seqreal2,332128,timeout (cpu),3600.07,3600.42,92331700,--,Found neither REALIZABLE nor UNREALIZABLE,unknown
452734143,AIGER-Real/random_n_19_1_4_14_13_20_abc.aag,9166881,simpleBDDSolver,24326,seqreal1,332129,timeout (cpu),3600.04,3600.47,92331700,--,Found neither REALIZABLE nor UNREALIZABLE,unknown
452734147,AIGER-Real/random_n_19_1_2_16_14_5_abc.aag,9166882,simpleBDDSolver,24326,seqreal2,332128,timeout (cpu),3600.06,3600.46,92362816,--,Found neither REALIZABLE nor UNREALIZABLE,unknown
452734148,AIGER-Real/random_n_19_1_2_16_14_5_abc.aag,9166882,simpleBDDSolver,24326,seqreal1,332129,timeout (cpu),3600.01,3600.42,92363228,--,Found neither REALIZABLE nor UNREALIZABLE,unknown
452734152,AIGER-Real/random_n_19_1_4_14_13_3_abc.aag,9166883,simpleBDDSolver,24326,seqreal2,332128,timeout (cpu),3600.09,3600.5,92334880,--,Found neither REALIZABLE nor UNREALIZABLE,unknown
452734153,AIGER-Real/random_n_19_1_4_14_13_3_abc.aag,9166883,simpleBDDSolver,24326,seqreal1,332129,timeout (cpu),3600.02,3600.41,92334880,--,Found neither REALIZABLE nor UNREALIZABLE,unknown
452734157,AIGER-Real/random_n_19_1_4_14_13_18_abc.aag,9166884,simpleBDDSolver,24326,seqreal2,332128,timeout (cpu),3600.05,3600.42,92329548,--,Found neither REALIZABLE nor UNREALIZABLE,unknown
452734158,AIGER-Real/random_n_19_1_4_14_13_18_abc.aag,9166884,simpleBDDSolver,24326,seqreal1,332129,timeout (cpu),3600.09,3600.52,92329548,--,Found neither REALIZABLE nor UNREALIZABLE,unknown
452734162,AIGER-Real/random_n_19_1_4_14_13_10_abc.aag,9166885,simpleBDDSolver,24326,seqreal2,332128,timeout (cpu),3600.02,3600.42,92323784,--,Found neither REALIZABLE nor UNREALIZABLE,unknown
452734163,AIGER-Real/random_n_19_1_4_14_13_10_abc.aag,9166885,simpleBDDSolver,24326,seqreal1,332129,timeout (cpu),3600.05,3600.43,92324296,--,Found neither REALIZABLE nor UNREALIZABLE,unknown
452734167,AIGER-Real/random_n_19_1_4_14_13_1_abc.aag,9166886,simpleBDDSolver,24326,seqreal2,332128,timeout (cpu),3600.01,3600.42,92332168,--,Found neither REALIZABLE nor UNREALIZABLE,unknown
452734168,AIGER-Real/random_n_19_1_4_14_13_1_abc.aag,9166886,simpleBDDSolver,24326,seqreal1,332129,timeout (cpu),3600.04,3600.4,92332296,--,Found neither REALIZABLE nor UNREALIZABLE,unknown
452734172,AIGER-Real/random_n_19_1_4_14_13_5_abc.aag,9166887,simpleBDDSolver,24326,seqreal2,332128,timeout (cpu),3600.04,3600.52,92333684,--,Found neither REALIZABLE nor UNREALIZABLE,unknown
452734173,AIGER-Real/random_n_19_1_4_14_13_5_abc.aag,9166887,simpleBDDSolver,24326,seqreal1,332129,timeout (cpu),3600.02,3600.49,92333684,--,Found neither REALIZABLE nor UNREALIZABLE,unknown
452734177,AIGER-Real/random_n_19_1_2_16_14_3_abc.aag,9166888,simpleBDDSolver,24326,seqreal2,332128,timeout (cpu),3600.02,3600.41,92391528,--,Found neither REALIZABLE nor UNREALIZABLE,unknown
452734178,AIGER-Real/random_n_19_1_2_16_14_3_abc.aag,9166888,simpleBDDSolver,24326,seqreal1,332129,timeout (cpu),3600.01,3600.43,92385580,--,Found neither REALIZABLE nor UNREALIZABLE,unknown
452734182,AIGER-Real/random_n_19_1_4_14_13_9_abc.aag,9166889,simpleBDDSolver,24326,seqreal2,332128,timeout (cpu),3600.05,3600.51,92330520,--,Found neither REALIZABLE nor UNREALIZABLE,unknown
452734183,AIGER-Real/random_n_19_1_4_14_13_9_abc.aag,9166889,simpleBDDSolver,24326,seqreal1,332129,timeout (cpu),3600.01,3600.41,92330520,--,Found neither REALIZABLE nor UNREALIZABLE,unknown
452734187,AIGER-Real/random_n_19_1_4_14_13_8_abc.aag,9166890,simpleBDDSolver,24326,seqreal2,332128,timeout (cpu),3600.07,3600.52,92331204,--,Found neither REALIZABLE nor UNREALIZABLE,unknown
452734188,AIGER-Real/random_n_19_1_4_14_13_8_abc.aag,9166890,simpleBDDSolver,24326,seqreal1,332129,timeout (cpu),3600.02,3600.42,92331492,--,Found neither REALIZABLE nor UNREALIZABLE,unknown
452734192,AIGER-Real/random_n_19_1_2_16_14_2_abc.aag,9166891,simpleBDDSolver,24326,seqreal2,332128,timeout (cpu),3600.02,3600.43,92421464,--,Found neither REALIZABLE nor UNREALIZABLE,unknown
452734193,AIGER-Real/random_n_19_1_2_16_14_2_abc.aag,9166891,simpleBDDSolver,24326,seqreal1,332129,timeout (cpu),3600.09,3600.52,92422996,--,Found neither REALIZABLE nor UNREALIZABLE,unknown
452734197,AIGER-Real/random_n_19_1_4_14_12_4_abc.aag,9166892,simpleBDDSolver,24326,seqreal2,332128,timeout (cpu),3600.01,3600.42,92350576,--,Found neither REALIZABLE nor UNREALIZABLE,unknown
452734198,AIGER-Real/random_n_19_1_4_14_12_4_abc.aag,9166892,simpleBDDSolver,24326,seqreal1,332129,timeout (cpu),3600.1,3600.49,92350736,--,Found neither REALIZABLE nor UNREALIZABLE,unknown
452734202,AIGER-Real/random_n_19_1_4_14_13_11_abc.aag,9166893,simpleBDDSolver,24326,seqreal2,332128,timeout (cpu),3600.02,3600.42,92329732,--,Found neither REALIZABLE nor UNREALIZABLE,unknown
452734203,AIGER-Real/random_n_19_1_4_14_13_11_abc.aag,9166893,simpleBDDSolver,24326,seqreal1,332129,timeout (cpu),3600.04,3600.41,92329732,--,Found neither REALIZABLE nor UNREALIZABLE,unknown
452734207,AIGER-Real/random_n_19_1_4_14_13_19_abc.aag,9166894,simpleBDDSolver,24326,seqreal2,332128,timeout (cpu),3600.03,3600.48,92326184,--,Found neither REALIZABLE nor UNREALIZABLE,unknown
452734208,AIGER-Real/random_n_19_1_4_14_13_19_abc.aag,9166894,simpleBDDSolver,24326,seqreal1,332129,timeout (cpu),3600.06,3600.53,92326184,--,Found neither REALIZABLE nor UNREALIZABLE,unknown
452734212,AIGER-Real/amba8c30n.aag,9164785,simpleBDDSolver,24326,seqreal2,332128,complete,187.586,187.6,92245732,REALIZABLE,-,realizable
452734213,AIGER-Real/amba8c30n.aag,9164785,simpleBDDSolver,24326,seqreal1,332129,complete,175.443,175.528,92244924,REALIZABLE,-,realizable
452734217,AIGER-Real/add224n.aag,9164786,simpleBDDSolver,24326,seqreal2,332128,complete,1026.05,1026.18,92251276,REALIZABLE,-,realizable
452734218,AIGER-Real/add224n.aag,9164786,simpleBDDSolver,24326,seqreal1,332129,complete,880.192,880.313,92251276,REALIZABLE,-,realizable
452734222,AIGER-Real/load_full_2_comp1_UNREAL.aag,9164787,simpleBDDSolver,24326,seqreal2,332128,complete,1.76778,1.76788,92059876,UNREALIZABLE,-,unrealizable
452734223,AIGER-Real/load_full_2_comp1_UNREAL.aag,9164787,simpleBDDSolver,24326,seqreal1,332129,complete,1.90306,1.90317,92059820,UNREALIZABLE,-,unrealizable
452734227,AIGER-Real/gb_s2_r2_comp4_REAL.aag,9164788,simpleBDDSolver,24326,seqreal2,332128,timeout (cpu),3600.05,3600.42,92241048,--,Found neither REALIZABLE nor UNREALIZABLE,realizable
452734228,AIGER-Real/gb_s2_r2_comp4_REAL.aag,9164788,simpleBDDSolver,24326,seqreal1,332129,timeout (cpu),3600.07,3600.43,92265820,--,Found neither REALIZABLE nor UNREALIZABLE,realizable
452734232,AIGER-Real/genbuf40f39unrealy.aag,9164789,simpleBDDSolver,24326,seqreal2,332128,timeout (cpu),3600.03,3600.37,92277444,--,Found neither REALIZABLE nor UNREALIZABLE,unrealizable
452734233,AIGER-Real/genbuf40f39unrealy.aag,9164789,simpleBDDSolver,24326,seqreal1,332129,timeout (cpu),3600.03,3600.42,92284792,--,Found neither REALIZABLE nor UNREALIZABLE,unrealizable
452734237,AIGER-Real/very_good_bakery2.aag,9164790,simpleBDDSolver,24326,seqreal2,332128,complete,0.51451,0.514506,113176,REALIZABLE,-,realizable
452734238,AIGER-Real/very_good_bakery2.aag,9164790,simpleBDDSolver,24326,seqreal1,332129,complete,0.51441,0.514456,113176,REALIZABLE,-,realizable
452734242,AIGER-Real/genbuf24b14n.aag,9164791,simpleBDDSolver,24326,seqreal2,332128,complete,85.2257,85.232,92270596,REALIZABLE,-,realizable
452734243,AIGER-Real/genbuf24b14n.aag,9164791,simpleBDDSolver,24326,seqreal1,332129,complete,921.244,921.367,92274092,REALIZABLE,-,realizable
452734247,AIGER-Real/cnt30n.aag,9164792,simpleBDDSolver,24326,seqreal2,332128,timeout (cpu),3600.01,3600.51,92055312,--,Found neither REALIZABLE nor UNREALIZABLE,realizable
452734248,AIGER-Real/cnt30n.aag,9164792,simpleBDDSolver,24326,seqreal1,332129,timeout (cpu),3600.02,3600.39,92055312,--,Found neither REALIZABLE nor UNREALIZABLE,realizable
452734252,AIGER-Real/mult_bool_matrix_dyn_7_7.aag,9164793,simpleBDDSolver,24326,seqreal2,332128,timeout (cpu),3600.04,3600.55,92718828,--,Found neither REALIZABLE nor UNREALIZABLE,unknown
452734253,AIGER-Real/mult_bool_matrix_dyn_7_7.aag,9164793,simpleBDDSolver,24326,seqreal1,332129,timeout (cpu),3600.01,3600.74,92998232,--,Found neither REALIZABLE nor UNREALIZABLE,unknown
452734257,AIGER-Real/demo-v24_5_REAL.aag,9164794,simpleBDDSolver,24326,seqreal2,332128,complete,0.79665,0.796712,92057060,REALIZABLE,-,realizable
452734258,AIGER-Real/demo-v24_5_REAL.aag,9164794,simpleBDDSolver,24326,seqreal1,332129,complete,0.424411,0.424466,113176,REALIZABLE,-,realizable
452734262,AIGER-Real/load_3c_comp_comp4_REAL.aag,9164795,simpleBDDSolver,24326,seqreal2,332128,complete,32.1339,32.1363,92081080,REALIZABLE,-,realizable
452734263,AIGER-Real/load_3c_comp_comp4_REAL.aag,9164795,simpleBDDSolver,24326,seqreal1,332129,complete,34.0391,34.0414,92081300,REALIZABLE,-,realizable
452734267,AIGER-Real/moving_obstacle_16x16_3glitches.aag,9164796,simpleBDDSolver,24326,seqreal2,332128,complete,1.05563,1.05571,92058380,REALIZABLE,-,realizable
452734268,AIGER-Real/moving_obstacle_16x16_3glitches.aag,9164796,simpleBDDSolver,24326,seqreal1,332129,complete,1.05743,1.05752,92058380,REALIZABLE,-,realizable
452734272,AIGER-Real/cycle_sched_8_2_4.aag,9164797,simpleBDDSolver,24326,seqreal2,332128,complete,1.82225,1.82234,92059652,REALIZABLE,-,realizable
452734273,AIGER-Real/cycle_sched_8_2_4.aag,9164797,simpleBDDSolver,24326,seqreal1,332129,complete,1.37552,1.37559,92057504,REALIZABLE,-,realizable
452734277,AIGER-Real/amba16c6unrealy.aag,9164798,simpleBDDSolver,24326,seqreal2,332128,complete,769.212,769.354,92282872,UNREALIZABLE,-,unrealizable
452734278,AIGER-Real/amba16c6unrealy.aag,9164798,simpleBDDSolver,24326,seqreal1,332129,complete,604.404,604.52,92281304,UNREALIZABLE,-,unrealizable
452734282,AIGER-Real/driver_a6n.aag,9164799,simpleBDDSolver,24326,seqreal2,332128,complete,0.902645,0.902668,92054872,NEW-UNREALIZABLE,-,unknown
452734283,AIGER-Real/driver_a6n.aag,9164799,simpleBDDSolver,24326,seqreal1,332129,complete,0.919417,0.919507,92054888,NEW-UNREALIZABLE,-,unknown
452734287,AIGER-Real/mult6.aag,9164800,simpleBDDSolver,24326,seqreal2,332128,complete,0.326397,0.326414,113176,REALIZABLE,-,realizable
452734288,AIGER-Real/mult6.aag,9164800,simpleBDDSolver,24326,seqreal1,332129,complete,0.3257,0.325692,113176,REALIZABLE,-,realizable
452734292,AIGER-Real/load_full_3_comp1_UNREAL.aag,9164801,simpleBDDSolver,24326,seqreal2,332128,complete,800.886,800.982,92247548,UNREALIZABLE,-,unrealizable
452734293,AIGER-Real/load_full_3_comp1_UNREAL.aag,9164801,simpleBDDSolver,24326,seqreal1,332129,complete,1137.12,1137.23,92211784,UNREALIZABLE,-,unrealizable
452734297,AIGER-Real/amba16f110n.aag,9164802,simpleBDDSolver,24326,seqreal2,332128,timeout (cpu),3600.05,3600.43,92288936,--,Found neither REALIZABLE nor UNREALIZABLE,unrealizable
452734298,AIGER-Real/amba16f110n.aag,9164802,simpleBDDSolver,24326,seqreal1,332129,timeout (cpu),3600.03,3600.42,92323188,--,Found neither REALIZABLE nor UNREALIZABLE,unrealizable
452734302,AIGER-Real/bakery_sym1.aag,9164803,simpleBDDSolver,24326,seqreal2,332128,complete,0.09047,0.0904421,113176,UNREALIZABLE,-,unrealizable
452734303,AIGER-Real/bakery_sym1.aag,9164803,simpleBDDSolver,24326,seqreal1,332129,complete,0.090804,0.090844,113176,UNREALIZABLE,-,unrealizable
452734307,AIGER-Real/amba14f52unrealn.aag,9164804,simpleBDDSolver,24326,seqreal2,332128,timeout (cpu),3600.06,3600.42,92283752,--,Found neither REALIZABLE nor UNREALIZABLE,unrealizable
452734308,AIGER-Real/amba14f52unrealn.aag,9164804,simpleBDDSolver,24326,seqreal1,332129,timeout (cpu),3600.07,3600.51,92283708,--,Found neither REALIZABLE nor UNREALIZABLE,unrealizable
452734312,AIGER-Real/mult_bool_matrix_6_6_6.aag,9164805,simpleBDDSolver,24326,seqreal2,332128,timeout (cpu),3600,3600.53,92632584,--,Found neither REALIZABLE nor UNREALIZABLE,realizable
452734313,AIGER-Real/mult_bool_matrix_6_6_6.aag,9164805,simpleBDDSolver,24326,seqreal1,332129,timeout (cpu),3600.01,3600.62,92632584,--,Found neither REALIZABLE nor UNREALIZABLE,realizable
452734317,AIGER-Real/demo-v15_5_REAL.aag,9164806,simpleBDDSolver,24326,seqreal2,332128,complete,0.155181,0.155188,113176,REALIZABLE,-,realizable
452734318,AIGER-Real/demo-v15_5_REAL.aag,9164806,simpleBDDSolver,24326,seqreal1,332129,complete,0.156013,0.156003,113176,REALIZABLE,-,realizable
452734322,AIGER-Real/mult_bool_matrix_dyn_5_8.aag,9164807,simpleBDDSolver,24326,seqreal2,332128,timeout (cpu),3600.07,3600.63,92894572,--,Found neither REALIZABLE nor UNREALIZABLE,realizable
452734323,AIGER-Real/mult_bool_matrix_dyn_5_8.aag,9164807,simpleBDDSolver,24326,seqreal1,332129,timeout (cpu),3600.02,3600.71,92863924,--,Found neither REALIZABLE nor UNREALIZABLE,realizable
452734327,AIGER-Real/mult_bool_matrix_5_4_5.aag,9164808,simpleBDDSolver,24326,seqreal2,332128,timeout (cpu),3600.05,3600.52,92825488,--,Found neither REALIZABLE nor UNREALIZABLE,realizable
452734328,AIGER-Real/mult_bool_matrix_5_4_5.aag,9164808,simpleBDDSolver,24326,seqreal1,332129,timeout (cpu),3600.05,3600.52,92608240,--,Found neither REALIZABLE nor UNREALIZABLE,realizable
452734332,AIGER-Real/stay14y.aag,9164809,simpleBDDSolver,24326,seqreal2,332128,complete,336.818,336.89,92271460,REALIZABLE,-,realizable
452734333,AIGER-Real/stay14y.aag,9164809,simpleBDDSolver,24326,seqreal1,332129,complete,347.161,347.247,92271460,REALIZABLE,-,realizable
452734337,AIGER-Real/bs1024n.aag,9164810,simpleBDDSolver,24326,seqreal2,332128,complete,2.43219,2.43234,92065580,REALIZABLE,-,realizable
452734338,AIGER-Real/bs1024n.aag,9164810,simpleBDDSolver,24326,seqreal1,332129,complete,2.3473,2.34754,92065440,REALIZABLE,-,realizable
452734342,AIGER-Real/interface-with-overflows-k16-liveness.aag,9164811,simpleBDDSolver,24326,seqreal2,332128,complete,11.9964,11.9973,92118388,REALIZABLE,-,realizable
452734343,AIGER-Real/interface-with-overflows-k16-liveness.aag,9164811,simpleBDDSolver,24326,seqreal1,332129,complete,9.93987,9.9407,92106312,REALIZABLE,-,realizable
452734347,AIGER-Real/mult8.aag,9164812,simpleBDDSolver,24326,seqreal2,332128,complete,38.4463,38.4656,92102888,REALIZABLE,-,realizable
452734348,AIGER-Real/mult8.aag,9164812,simpleBDDSolver,24326,seqreal1,332129,complete,42.2791,42.292,92119276,REALIZABLE,-,realizable
452734352,AIGER-Real/cycle_sched_4_7_1.aag,9164813,simpleBDDSolver,24326,seqreal2,332128,complete,11.5184,11.5214,92063332,REALIZABLE,-,realizable
452734353,AIGER-Real/cycle_sched_4_7_1.aag,9164813,simpleBDDSolver,24326,seqreal1,332129,complete,13.3657,13.3666,92064436,REALIZABLE,-,realizable
452734357,AIGER-Real/factory_assembly_5x3_1_0errors.aag,9164814,simpleBDDSolver,24326,seqreal2,332128,complete,0.646227,0.646239,92057584,REALIZABLE,-,realizable
452734358,AIGER-Real/factory_assembly_5x3_1_0errors.aag,9164814,simpleBDDSolver,24326,seqreal1,332129,complete,0.653747,0.653758,92057576,REALIZABLE,-,realizable
452734362,AIGER-Real/amba8b8unrealy.aag,9164815,simpleBDDSolver,24326,seqreal2,332128,complete,46.4274,46.4463,92198520,UNREALIZABLE,-,unrealizable
452734363,AIGER-Real/amba8b8unrealy.aag,9164815,simpleBDDSolver,24326,seqreal1,332129,complete,46.9236,46.9272,92194244,UNREALIZABLE,-,unrealizable
452734367,AIGER-Real/moving_obstacle_32x32_11glitches.aag,9164816,simpleBDDSolver,24326,seqreal2,332128,complete,4.52068,4.52104,92062828,REALIZABLE,-,realizable
452734368,AIGER-Real/moving_obstacle_32x32_11glitches.aag,9164816,simpleBDDSolver,24326,seqreal1,332129,complete,7.0761,7.07659,92077724,REALIZABLE,-,realizable
452734372,AIGER-Real/amba6f40y.aag,9164817,simpleBDDSolver,24326,seqreal2,332128,complete,54.3102,54.3149,92191604,REALIZABLE,-,realizable
452734373,AIGER-Real/amba6f40y.aag,9164817,simpleBDDSolver,24326,seqreal1,332129,complete,47.0215,47.0256,92119224,REALIZABLE,-,realizable
452734377,AIGER-Real/ltl2dba_Q6_comp2_REAL.aag,9164818,simpleBDDSolver,24326,seqreal2,332128,timeout (cpu),3600.09,3600.42,92277596,--,Found neither REALIZABLE nor UNREALIZABLE,unknown
452734378,AIGER-Real/ltl2dba_Q6_comp2_REAL.aag,9164818,simpleBDDSolver,24326,seqreal1,332129,timeout (cpu),3600.1,3600.51,92277584,--,Found neither REALIZABLE nor UNREALIZABLE,unknown
452734382,AIGER-Real/ltl2dpa_C26_comp2_REAL.aag,9164819,simpleBDDSolver,24326,seqreal2,332128,complete,6.52908,6.52956,92061272,REALIZABLE,-,realizable
452734383,AIGER-Real/ltl2dpa_C26_comp2_REAL.aag,9164819,simpleBDDSolver,24326,seqreal1,332129,complete,4.79202,4.79238,92060900,REALIZABLE,-,realizable
452734387,AIGER-Real/ltl2dba_U1-8_comp2_UNREAL.aag,9164820,simpleBDDSolver,24326,seqreal2,332128,timeout (cpu),3600.05,3600.4,92282104,--,Found neither REALIZABLE nor UNREALIZABLE,unrealizable
452734388,AIGER-Real/ltl2dba_U1-8_comp2_UNREAL.aag,9164820,simpleBDDSolver,24326,seqreal1,332129,timeout (cpu),3600.02,3600.4,92282128,--,Found neither REALIZABLE nor UNREALIZABLE,unrealizable
452734392,AIGER-Real/moving_obstacle_128x128_60glitches.aag,9164821,simpleBDDSolver,24326,seqreal2,332128,timeout (cpu),3600.03,3600.43,92357844,--,Found neither REALIZABLE nor UNREALIZABLE,unknown
452734393,AIGER-Real/moving_obstacle_128x128_60glitches.aag,9164821,simpleBDDSolver,24326,seqreal1,332129,timeout (cpu),3600,3600.43,92363284,--,Found neither REALIZABLE nor UNREALIZABLE,unknown
452734397,AIGER-Real/cycle_sched_12_7_2.aag,9164822,simpleBDDSolver,24326,seqreal2,332128,timeout (cpu),3600.01,3600.38,92305732,--,Found neither REALIZABLE nor UNREALIZABLE,realizable
452734398,AIGER-Real/cycle_sched_12_7_2.aag,9164822,simpleBDDSolver,24326,seqreal1,332129,timeout (cpu),3600.03,3600.41,92324920,--,Found neither REALIZABLE nor UNREALIZABLE,realizable
452734402,AIGER-Real/driver_b8y.aag,9164823,simpleBDDSolver,24326,seqreal2,332128,complete,2.10861,2.10877,92057860,REALIZABLE,-,realizable
452734403,AIGER-Real/driver_b8y.aag,9164823,simpleBDDSolver,24326,seqreal1,332129,complete,2.22579,2.22594,92057788,REALIZABLE,-,realizable
452734407,AIGER-Real/factory_assembly_7x5_2_0errors.aag,9164824,simpleBDDSolver,24326,seqreal2,332128,timeout (cpu),3600.07,3600.62,92481580,--,Found neither REALIZABLE nor UNREALIZABLE,realizable
452734408,AIGER-Real/factory_assembly_7x5_2_0errors.aag,9164824,simpleBDDSolver,24326,seqreal1,332129,timeout (cpu),3600.03,3600.53,92483632,--,Found neither REALIZABLE nor UNREALIZABLE,realizable
452734412,AIGER-Real/driver_a9y.aag,9164825,simpleBDDSolver,24326,seqreal2,332128,complete,1.71067,1.71074,92061296,REALIZABLE,-,realizable
452734413,AIGER-Real/driver_a9y.aag,9164825,simpleBDDSolver,24326,seqreal1,332129,complete,1.69248,1.69259,92061192,REALIZABLE,-,realizable
452734417,AIGER-Real/beemgear1f1_c0to3.aag,9164826,simpleBDDSolver,24326,seqreal2,332128,complete,7.08983,7.09033,92057716,REALIZABLE,-,realizable
452734418,AIGER-Real/beemgear1f1_c0to3.aag,9164826,simpleBDDSolver,24326,seqreal1,332129,complete,6.48876,6.49019,92057716,REALIZABLE,-,realizable
452734422,AIGER-Real/gb_s2_r2_comp1_UNREAL.aag,9164827,simpleBDDSolver,24326,seqreal2,332128,complete,339.895,339.926,92189396,UNREALIZABLE,-,unrealizable
452734423,AIGER-Real/gb_s2_r2_comp1_UNREAL.aag,9164827,simpleBDDSolver,24326,seqreal1,332129,complete,1109.8,1109.9,92255420,UNREALIZABLE,-,unrealizable
452734427,AIGER-Real/cnt11n.aag,9164828,simpleBDDSolver,24326,seqreal2,332128,complete,0.024783,0.024787,113176,REALIZABLE,-,realizable
452734428,AIGER-Real/cnt11n.aag,9164828,simpleBDDSolver,24326,seqreal1,332129,complete,0.024333,0.0242881,113176,REALIZABLE,-,realizable
452734432,AIGER-Real/genbuf56f55unrealy.aag,9164829,simpleBDDSolver,24326,seqreal2,332128,timeout (cpu),3600.07,3600.42,92275360,--,Found neither REALIZABLE nor UNREALIZABLE,unrealizable
452734433,AIGER-Real/genbuf56f55unrealy.aag,9164829,simpleBDDSolver,24326,seqreal1,332129,timeout (cpu),3600.1,3600.44,92270176,--,Found neither REALIZABLE nor UNREALIZABLE,unrealizable
452734437,AIGER-Real/cycle_sched_28_8_4.aag,9164830,simpleBDDSolver,24326,seqreal2,332128,timeout (cpu),3600.05,3600.42,92252676,--,Found neither REALIZABLE nor UNREALIZABLE,unknown
452734438,AIGER-Real/cycle_sched_28_8_4.aag,9164830,simpleBDDSolver,24326,seqreal1,332129,timeout (cpu),3600.02,3600.42,92247444,--,Found neither REALIZABLE nor UNREALIZABLE,unknown
452734442,AIGER-Real/add256n.aag,9164831,simpleBDDSolver,24326,seqreal2,332128,complete,1247.95,1248.11,92264144,REALIZABLE,-,realizable
452734443,AIGER-Real/add256n.aag,9164831,simpleBDDSolver,24326,seqreal1,332129,complete,923.36,923.529,92260788,REALIZABLE,-,realizable
452734447,AIGER-Real/gb_s2_r2_comp3_REAL.aag,9164832,simpleBDDSolver,24326,seqreal2,332128,timeout (cpu),3600.1,3600.45,92305616,--,Found neither REALIZABLE nor UNREALIZABLE,realizable
452734448,AIGER-Real/gb_s2_r2_comp3_REAL.aag,9164832,simpleBDDSolver,24326,seqreal1,332129,timeout (cpu),3600.04,3600.42,92260156,--,Found neither REALIZABLE nor UNREALIZABLE,realizable
452734452,AIGER-Real/beemrshr2b1_c0to7.aag,9164833,simpleBDDSolver,24326,seqreal2,332128,timeout (cpu),3600.06,3600.39,92201200,--,Found neither REALIZABLE nor UNREALIZABLE,realizable
452734453,AIGER-Real/beemrshr2b1_c0to7.aag,9164833,simpleBDDSolver,24326,seqreal1,332129,timeout (cpu),3600.1,3600.43,92200624,--,Found neither REALIZABLE nor UNREALIZABLE,realizable
452734457,AIGER-Real/amba14c30y.aag,9164834,simpleBDDSolver,24326,seqreal2,332128,complete,84.5951,84.6013,92222648,REALIZABLE,-,realizable
452734458,AIGER-Real/amba14c30y.aag,9164834,simpleBDDSolver,24326,seqreal1,332129,complete,84.4236,84.4494,92217068,REALIZABLE,-,realizable
452734462,AIGER-Real/mult_bool_matrix_dyn_6_7.aag,9164835,simpleBDDSolver,24326,seqreal2,332128,timeout (cpu),3600.05,3600.66,92707844,--,Found neither REALIZABLE nor UNREALIZABLE,realizable
452734463,AIGER-Real/mult_bool_matrix_dyn_6_7.aag,9164835,simpleBDDSolver,24326,seqreal1,332129,timeout (cpu),3600.01,3600.57,92764336,--,Found neither REALIZABLE nor UNREALIZABLE,realizable
452734467,AIGER-Real/interface-with-overflows-k10-liveness.aag,9164836,simpleBDDSolver,24326,seqreal2,332128,complete,27.1834,27.1857,92124164,REALIZABLE,-,realizable
452734468,AIGER-Real/interface-with-overflows-k10-liveness.aag,9164836,simpleBDDSolver,24326,seqreal1,332129,complete,25.288,25.2898,92119640,REALIZABLE,-,realizable
452734472,AIGER-Real/load_5c_comp_comp4_REAL.aag,9164837,simpleBDDSolver,24326,seqreal2,332128,timeout (cpu),3600.02,3600.42,92359168,--,Found neither REALIZABLE nor UNREALIZABLE,realizable
452734473,AIGER-Real/load_5c_comp_comp4_REAL.aag,9164837,simpleBDDSolver,24326,seqreal1,332129,timeout (cpu),3600.03,3600.41,92340320,--,Found neither REALIZABLE nor UNREALIZABLE,realizable
452734477,AIGER-Real/factory_assembly_5x3_1_5errors.aag,9164838,simpleBDDSolver,24326,seqreal2,332128,complete,2.69146,2.69189,92060816,UNREALIZABLE,-,unrealizable
452734478,AIGER-Real/factory_assembly_5x3_1_5errors.aag,9164838,simpleBDDSolver,24326,seqreal1,332129,complete,2.71883,2.71904,92060848,UNREALIZABLE,-,unrealizable
452734482,AIGER-Real/gb_s2_r3_comp1_UNREAL.aag,9164839,simpleBDDSolver,24326,seqreal2,332128,timeout (cpu),3600.03,3600.39,92276068,--,Found neither REALIZABLE nor UNREALIZABLE,unrealizable
452734483,AIGER-Real/gb_s2_r3_comp1_UNREAL.aag,9164839,simpleBDDSolver,24326,seqreal1,332129,timeout (cpu),3600.05,3600.42,92292376,--,Found neither REALIZABLE nor UNREALIZABLE,unrealizable
452734487,AIGER-Real/mult10.aag,9164840,simpleBDDSolver,24326,seqreal2,332128,timeout (cpu),3600.07,3600.5,92386276,--,Found neither REALIZABLE nor UNREALIZABLE,realizable
452734488,AIGER-Real/mult10.aag,9164840,simpleBDDSolver,24326,seqreal1,332129,timeout (cpu),3600.07,3600.51,92386276,--,Found neither REALIZABLE nor UNREALIZABLE,realizable
452734492,AIGER-Real/driver_c7n.aag,9164841,simpleBDDSolver,24326,seqreal2,332128,complete,0.142604,0.142556,113176,UNREALIZABLE,-,unrealizable
452734493,AIGER-Real/driver_c7n.aag,9164841,simpleBDDSolver,24326,seqreal1,332129,complete,0.143904,0.143878,113176,UNREALIZABLE,-,unrealizable
452734497,AIGER-Real/bakery_nondet_sym.aag,9164842,simpleBDDSolver,24326,seqreal2,332128,complete,0.089484,0.089511,113176,UNREALIZABLE,-,unrealizable
452734498,AIGER-Real/bakery_nondet_sym.aag,9164842,simpleBDDSolver,24326,seqreal1,332129,complete,0.089293,0.089296,113176,UNREALIZABLE,-,unrealizable
452734502,AIGER-Real/amba7b10n.aag,9164843,simpleBDDSolver,24326,seqreal2,332128,complete,60.3711,60.3757,92188048,REALIZABLE,-,realizable
452734503,AIGER-Real/amba7b10n.aag,9164843,simpleBDDSolver,24326,seqreal1,332129,complete,39.8666,39.8697,92163144,REALIZABLE,-,realizable
452734507,AIGER-Real/factory_assembly_4x3_1_1errors.aag,9164844,simpleBDDSolver,24326,seqreal2,332128,complete,0.351828,0.352018,113176,REALIZABLE,-,realizable
452734508,AIGER-Real/factory_assembly_4x3_1_1errors.aag,9164844,simpleBDDSolver,24326,seqreal1,332129,complete,0.349649,0.349647,113176,REALIZABLE,-,realizable
452734512,AIGER-Real/mult_bool_matrix_5_5_5.aag,9164845,simpleBDDSolver,24326,seqreal2,332128,timeout (cpu),3600.03,3600.61,92642548,--,Found neither REALIZABLE nor UNREALIZABLE,unknown
452734513,AIGER-Real/mult_bool_matrix_5_5_5.aag,9164845,simpleBDDSolver,24326,seqreal1,332129,timeout (cpu),3600.05,3600.57,92642552,--,Found neither REALIZABLE nor UNREALIZABLE,unknown
452734517,AIGER-Real/factory_assembly_5x3_1_4errors.aag,9164846,simpleBDDSolver,24326,seqreal2,332128,complete,2.54479,2.54493,92060788,REALIZABLE,-,realizable
452734518,AIGER-Real/factory_assembly_5x3_1_4errors.aag,9164846,simpleBDDSolver,24326,seqreal1,332129,complete,1.31319,1.31467,92058832,REALIZABLE,-,realizable
452734522,AIGER-Real/genbuf64c2unrealy.aag,9164847,simpleBDDSolver,24326,seqreal2,332128,timeout (cpu),3600.02,3600.42,92370456,--,Found neither REALIZABLE nor UNREALIZABLE,unrealizable
452734523,AIGER-Real/genbuf64c2unrealy.aag,9164847,simpleBDDSolver,24326,seqreal1,332129,timeout (cpu),3600.06,3600.46,92400332,--,Found neither REALIZABLE nor UNREALIZABLE,unrealizable
452734527,AIGER-Real/genbuf32f50n.aag,9164848,simpleBDDSolver,24326,seqreal2,332128,complete,1453.21,1453.42,92281264,REALIZABLE,-,realizable
452734528,AIGER-Real/genbuf32f50n.aag,9164848,simpleBDDSolver,24326,seqreal1,332129,complete,1405.73,1405.94,92283780,REALIZABLE,-,realizable
452734532,AIGER-Real/factory_assembly_7x3_1_0errors.aag,9164849,simpleBDDSolver,24326,seqreal2,332128,complete,8.37266,8.37322,92085472,REALIZABLE,-,realizable
452734533,AIGER-Real/factory_assembly_7x3_1_0errors.aag,9164849,simpleBDDSolver,24326,seqreal1,332129,complete,9.26132,9.26207,92107800,REALIZABLE,-,realizable
452734537,AIGER-Real/genbuf32b3unrealy.aag,9164850,simpleBDDSolver,24326,seqreal2,332128,complete,39.3147,39.3176,92124836,UNREALIZABLE,-,unrealizable
452734538,AIGER-Real/genbuf32b3unrealy.aag,9164850,simpleBDDSolver,24326,seqreal1,332129,timeout (cpu),3600.01,3600.61,92323520,--,Found neither REALIZABLE nor UNREALIZABLE,unrealizable
452734542,AIGER-Real/load_full_4_comp1_REAL.aag,9164851,simpleBDDSolver,24326,seqreal2,332128,timeout (cpu),3600.01,3600.36,92271048,--,Found neither REALIZABLE nor UNREALIZABLE,unrealizable
452734543,AIGER-Real/load_full_4_comp1_REAL.aag,9164851,simpleBDDSolver,24326,seqreal1,332129,timeout (cpu),3600.08,3600.41,92267188,--,Found neither REALIZABLE nor UNREALIZABLE,unrealizable
452734547,AIGER-Real/moving_obstacle_128x128_59glitches.aag,9164852,simpleBDDSolver,24326,seqreal2,332128,timeout (cpu),3600.01,3600.37,92292064,--,Found neither REALIZABLE nor UNREALIZABLE,realizable
452734548,AIGER-Real/moving_obstacle_128x128_59glitches.aag,9164852,simpleBDDSolver,24326,seqreal1,332129,timeout (cpu),3600.02,3600.41,92315272,--,Found neither REALIZABLE nor UNREALIZABLE,realizable
452734552,AIGER-Real/ltl2dba_Q4_comp2_REAL.aag,9164853,simpleBDDSolver,24326,seqreal2,332128,complete,2217.29,2217.62,92257668,REALIZABLE,-,realizable
452734553,AIGER-Real/ltl2dba_Q4_comp2_REAL.aag,9164853,simpleBDDSolver,24326,seqreal1,332129,complete,2908.26,2908.53,92269244,REALIZABLE,-,realizable
452734557,AIGER-Real/moving_obstacle_64x64_28glitches.aag,9164854,simpleBDDSolver,24326,seqreal2,332128,complete,99.8099,99.8172,92196944,UNREALIZABLE,-,unrealizable
452734558,AIGER-Real/moving_obstacle_64x64_28glitches.aag,9164854,simpleBDDSolver,24326,seqreal1,332129,complete,100.856,100.863,92196912,UNREALIZABLE,-,unrealizable
452734562,AIGER-Real/moving_obstacle_64x64_27glitches.aag,9164855,simpleBDDSolver,24326,seqreal2,332128,complete,77.89,77.8954,92170992,REALIZABLE,-,realizable
452734563,AIGER-Real/moving_obstacle_64x64_27glitches.aag,9164855,simpleBDDSolver,24326,seqreal1,332129,complete,63.2385,63.2769,92170992,REALIZABLE,-,realizable
452734567,AIGER-Real/load_full_6_comp1_UNREAL.aag,9164856,simpleBDDSolver,24326,seqreal2,332128,timeout (cpu),3600.02,3600.35,92243360,--,Found neither REALIZABLE nor UNREALIZABLE,unrealizable
452734568,AIGER-Real/load_full_6_comp1_UNREAL.aag,9164856,simpleBDDSolver,24326,seqreal1,332129,timeout (cpu),3600.08,3600.4,92247108,--,Found neither REALIZABLE nor UNREALIZABLE,unrealizable
452734572,AIGER-Real/beemextnc3b1_c0to3.aag,9164857,simpleBDDSolver,24326,seqreal2,332128,timeout (cpu),3600.04,3600.49,92367268,--,Found neither REALIZABLE nor UNREALIZABLE,realizable
452734573,AIGER-Real/beemextnc3b1_c0to3.aag,9164857,simpleBDDSolver,24326,seqreal1,332129,timeout (cpu),3600.01,3600.43,92367268,--,Found neither REALIZABLE nor UNREALIZABLE,realizable
452734577,AIGER-Real/beembrdg3f1_c0to3.aag,9164858,simpleBDDSolver,24326,seqreal2,332128,complete,3.33987,3.3401,92055612,REALIZABLE,-,realizable
452734578,AIGER-Real/beembrdg3f1_c0to3.aag,9164858,simpleBDDSolver,24326,seqreal1,332129,complete,3.34438,3.34462,92055612,REALIZABLE,-,realizable
452734582,AIGER-Real/demo-v25_2_UNREAL.aag,9164859,simpleBDDSolver,24326,seqreal2,332128,complete,2.14914,2.14929,92058916,UNREALIZABLE,-,unrealizable
452734583,AIGER-Real/demo-v25_2_UNREAL.aag,9164859,simpleBDDSolver,24326,seqreal1,332129,complete,2.22962,2.22981,92059412,UNREALIZABLE,-,unrealizable
452734587,AIGER-Real/gb_s2_r4_comp1_UNREAL.aag,9164860,simpleBDDSolver,24326,seqreal2,332128,timeout (cpu),3600.09,3600.51,92264264,--,Found neither REALIZABLE nor UNREALIZABLE,unrealizable
452734588,AIGER-Real/gb_s2_r4_comp1_UNREAL.aag,9164860,simpleBDDSolver,24326,seqreal1,332129,timeout (cpu),3600.01,3600.32,92193856,--,Found neither REALIZABLE nor UNREALIZABLE,unrealizable
452734592,AIGER-Real/genbuf48b3unrealy.aag,9164861,simpleBDDSolver,24326,seqreal2,332128,complete,176.383,176.459,92267644,UNREALIZABLE,-,unrealizable
452734593,AIGER-Real/genbuf48b3unrealy.aag,9164861,simpleBDDSolver,24326,seqreal1,332129,timeout (cpu),3600.05,3600.42,92301680,--,Found neither REALIZABLE nor UNREALIZABLE,unrealizable
452734597,AIGER-Real/cnt25n.aag,9164862,simpleBDDSolver,24326,seqreal2,332128,complete,347.028,347.057,92054784,REALIZABLE,-,realizable
452734598,AIGER-Real/cnt25n.aag,9164862,simpleBDDSolver,24326,seqreal1,332129,complete,335.647,335.686,92054784,REALIZABLE,-,realizable
452734602,AIGER-Real/cycle_sched_2_3_1.aag,9164863,simpleBDDSolver,24326,seqreal2,332128,complete,0.048635,0.048603,113176,REALIZABLE,-,realizable
452734603,AIGER-Real/cycle_sched_2_3_1.aag,9164863,simpleBDDSolver,24326,seqreal1,332129,complete,0.048539,0.0485249,113176,REALIZABLE,-,realizable
452734607,AIGER-Real/cycle_sched_8_5_1.aag,9164864,simpleBDDSolver,24326,seqreal2,332128,complete,70.7786,70.7843,92122124,REALIZABLE,-,realizable
452734608,AIGER-Real/cycle_sched_8_5_1.aag,9164864,simpleBDDSolver,24326,seqreal1,332129,complete,139.33,139.341,92189804,REALIZABLE,-,realizable
452734612,AIGER-Real/mult_bool_matrix_4_5_5.aag,9164865,simpleBDDSolver,24326,seqreal2,332128,timeout (cpu),3600.06,3600.57,92517756,--,Found neither REALIZABLE nor UNREALIZABLE,unknown
452734613,AIGER-Real/mult_bool_matrix_4_5_5.aag,9164865,simpleBDDSolver,24326,seqreal1,332129,timeout (cpu),3600.06,3600.52,92517756,--,Found neither REALIZABLE nor UNREALIZABLE,unknown
452734617,AIGER-Real/ltl2dba_R6_comp5_UNREAL.aag,9164866,simpleBDDSolver,24326,seqreal2,332128,timeout (cpu),3600.08,3600.51,92362240,--,Found neither REALIZABLE nor UNREALIZABLE,unrealizable
452734618,AIGER-Real/ltl2dba_R6_comp5_UNREAL.aag,9164866,simpleBDDSolver,24326,seqreal1,332129,timeout (cpu),3600.04,3600.47,92362244,--,Found neither REALIZABLE nor UNREALIZABLE,unrealizable
452734622,AIGER-Real/load_full_5_comp2_REAL.aag,9164867,simpleBDDSolver,24326,seqreal2,332128,timeout (cpu),3600.02,3600.39,92268868,--,Found neither REALIZABLE nor UNREALIZABLE,unknown
452734623,AIGER-Real/load_full_5_comp2_REAL.aag,9164867,simpleBDDSolver,24326,seqreal1,332129,timeout (cpu),3600.02,3600.41,92292092,--,Found neither REALIZABLE nor UNREALIZABLE,unknown
452734627,AIGER-Real/moving_obstacle_24x24_8glitches.aag,9164868,simpleBDDSolver,24326,seqreal2,332128,complete,3.35243,3.35266,92061892,UNREALIZABLE,-,unrealizable
452734628,AIGER-Real/moving_obstacle_24x24_8glitches.aag,9164868,simpleBDDSolver,24326,seqreal1,332129,complete,3.37827,3.46507,92061908,UNREALIZABLE,-,unrealizable
452734632,AIGER-Real/load_full_2_comp5_REAL.aag,9164869,simpleBDDSolver,24326,seqreal2,332128,complete,21.9156,21.9187,92098000,REALIZABLE,-,realizable
452734633,AIGER-Real/load_full_2_comp5_REAL.aag,9164869,simpleBDDSolver,24326,seqreal1,332129,complete,18.2888,18.29,92113460,REALIZABLE,-,realizable
452734637,AIGER-Real/moving_obstacle_24x24_7glitches.aag,9164870,simpleBDDSolver,24326,seqreal2,332128,complete,4.97859,4.97901,92063324,REALIZABLE,-,realizable
452734638,AIGER-Real/moving_obstacle_24x24_7glitches.aag,9164870,simpleBDDSolver,24326,seqreal1,332129,complete,4.96024,4.96369,92074860,REALIZABLE,-,realizable
452734642,AIGER-Real/mult_bool_matrix_5_5_4.aag,9164871,simpleBDDSolver,24326,seqreal2,332128,timeout (cpu),3600.04,3600.61,92642548,--,Found neither REALIZABLE nor UNREALIZABLE,realizable
452734643,AIGER-Real/mult_bool_matrix_5_5_4.aag,9164871,simpleBDDSolver,24326,seqreal1,332129,timeout (cpu),3600.01,3600.62,92642552,--,Found neither REALIZABLE nor UNREALIZABLE,realizable
452734647,AIGER-Real/add160n.aag,9164872,simpleBDDSolver,24326,seqreal2,332128,complete,382.082,382.153,92182816,REALIZABLE,-,realizable
452734648,AIGER-Real/add160n.aag,9164872,simpleBDDSolver,24326,seqreal1,332129,complete,338.134,338.208,92186412,REALIZABLE,-,realizable
452734652,AIGER-Real/mult_bool_matrix_6_7_7.aag,9164873,simpleBDDSolver,24326,seqreal2,332128,timeout (cpu),3600.02,3600.53,92691828,--,Found neither REALIZABLE nor UNREALIZABLE,realizable
452734653,AIGER-Real/mult_bool_matrix_6_7_7.aag,9164873,simpleBDDSolver,24326,seqreal1,332129,timeout (cpu),3600.02,3600.61,92691828,--,Found neither REALIZABLE nor UNREALIZABLE,realizable
452734657,AIGER-Real/mult16.aag,9164874,simpleBDDSolver,24326,seqreal2,332128,timeout (cpu),3600.03,3600.43,92417704,--,Found neither REALIZABLE nor UNREALIZABLE,realizable
452734658,AIGER-Real/mult16.aag,9164874,simpleBDDSolver,24326,seqreal1,332129,timeout (cpu),3600.04,3600.52,92417704,--,Found neither REALIZABLE nor UNREALIZABLE,realizable
452734662,AIGER-Real/mv16n.aag,9164875,simpleBDDSolver,24326,seqreal2,332128,complete,0.055025,0.054976,113176,REALIZABLE,-,realizable
452734663,AIGER-Real/mv16n.aag,9164875,simpleBDDSolver,24326,seqreal1,332129,complete,0.055011,0.0550271,113176,REALIZABLE,-,realizable
452734667,AIGER-Real/demo-v25_5_UNREAL.aag,9164876,simpleBDDSolver,24326,seqreal2,332128,complete,11.5948,11.5957,92074684,UNREALIZABLE,-,unrealizable
452734668,AIGER-Real/demo-v25_5_UNREAL.aag,9164876,simpleBDDSolver,24326,seqreal1,332129,complete,11.8363,11.8385,92078412,UNREALIZABLE,-,unrealizable
452734672,AIGER-Real/genbuf64b40n.aag,9164877,simpleBDDSolver,24326,seqreal2,332128,complete,825.652,825.792,92279856,REALIZABLE,-,realizable
452734673,AIGER-Real/genbuf64b40n.aag,9164877,simpleBDDSolver,24326,seqreal1,332129,timeout (cpu),3600.09,3600.5,92357976,--,Found neither REALIZABLE nor UNREALIZABLE,realizable
452734677,AIGER-Real/amba10b24n.aag,9164878,simpleBDDSolver,24326,seqreal2,332128,complete,71.9666,71.9929,92191196,REALIZABLE,-,realizable
452734678,AIGER-Real/amba10b24n.aag,9164878,simpleBDDSolver,24326,seqreal1,332129,complete,70.6557,70.6677,92190904,REALIZABLE,-,realizable
452734682,AIGER-Real/stay20y.aag,9164879,simpleBDDSolver,24326,seqreal2,332128,timeout (cpu),3600,3600.52,92566076,--,Found neither REALIZABLE nor UNREALIZABLE,realizable
452734683,AIGER-Real/stay20y.aag,9164879,simpleBDDSolver,24326,seqreal1,332129,timeout (cpu),3600.02,3600.61,92566076,--,Found neither REALIZABLE nor UNREALIZABLE,realizable
452734687,AIGER-Real/demo-v10_5_REAL.aag,9164880,simpleBDDSolver,24326,seqreal2,332128,complete,0.014691,0.014662,113176,REALIZABLE,-,realizable
452734688,AIGER-Real/demo-v10_5_REAL.aag,9164880,simpleBDDSolver,24326,seqreal1,332129,complete,0.014935,0.0149309,113176,REALIZABLE,-,realizable
452734692,AIGER-Real/driver_a7n.aag,9164881,simpleBDDSolver,24326,seqreal2,332128,complete,1.58122,1.5813,92055680,UNREALIZABLE,-,unrealizable
452734693,AIGER-Real/driver_a7n.aag,9164881,simpleBDDSolver,24326,seqreal1,332129,complete,1.5871,1.5872,92055772,UNREALIZABLE,-,unrealizable
452734697,AIGER-Real/mult_bool_matrix_dyn_6_6.aag,9164882,simpleBDDSolver,24326,seqreal2,332128,timeout (cpu),3600.08,3600.61,92814900,--,Found neither REALIZABLE nor UNREALIZABLE,realizable
452734698,AIGER-Real/mult_bool_matrix_dyn_6_6.aag,9164882,simpleBDDSolver,24326,seqreal1,332129,timeout (cpu),3600.01,3600.65,92773752,--,Found neither REALIZABLE nor UNREALIZABLE,realizable
452734702,AIGER-Real/mv20y.aag,9164883,simpleBDDSolver,24326,seqreal2,332128,complete,0.063335,0.0632841,113176,REALIZABLE,-,realizable
452734703,AIGER-Real/mv20y.aag,9164883,simpleBDDSolver,24326,seqreal1,332129,complete,0.065177,0.06513,113176,REALIZABLE,-,realizable
452734707,AIGER-Real/genbuf40b14n.aag,9164884,simpleBDDSolver,24326,seqreal2,332128,complete,504.739,504.807,92269020,REALIZABLE,-,realizable
452734708,AIGER-Real/genbuf40b14n.aag,9164884,simpleBDDSolver,24326,seqreal1,332129,timeout (cpu),3600.04,3600.14,92422984,--,Found neither REALIZABLE nor UNREALIZABLE,realizable
452734712,AIGER-Real/load_3c_comp_comp2_REAL.aag,9164885,simpleBDDSolver,24326,seqreal2,332128,complete,19.0889,19.0908,92081684,REALIZABLE,-,realizable
452734713,AIGER-Real/load_3c_comp_comp2_REAL.aag,9164885,simpleBDDSolver,24326,seqreal1,332129,complete,7.76932,7.76918,92074080,REALIZABLE,-,realizable
452734717,AIGER-Real/cycle_sched_6_5_2.aag,9164886,simpleBDDSolver,24326,seqreal2,332128,complete,0.072489,0.072511,113176,--,Found neither REALIZABLE nor UNREALIZABLE,realizable
452734718,AIGER-Real/cycle_sched_6_5_2.aag,9164886,simpleBDDSolver,24326,seqreal1,332129,complete,0.070857,0.070873,113176,--,Found neither REALIZABLE nor UNREALIZABLE,realizable
452734722,AIGER-Real/moving_obstacle_96x96_43glitches.aag,9164887,simpleBDDSolver,24326,seqreal2,332128,complete,896.869,896.962,92284460,REALIZABLE,-,realizable
452734723,AIGER-Real/moving_obstacle_96x96_43glitches.aag,9164887,simpleBDDSolver,24326,seqreal1,332129,complete,930.807,930.842,92284572,REALIZABLE,-,realizable
452734727,AIGER-Real/stay16n.aag,9164888,simpleBDDSolver,24326,seqreal2,332128,timeout (cpu),3600.08,3600.32,92487756,--,Found neither REALIZABLE nor UNREALIZABLE,realizable
452734728,AIGER-Real/stay16n.aag,9164888,simpleBDDSolver,24326,seqreal1,332129,timeout (cpu),3600.02,3600.52,92487756,--,Found neither REALIZABLE nor UNREALIZABLE,realizable
452734732,AIGER-Real/factory_assembly_5x5_2_1errors.aag,9164889,simpleBDDSolver,24326,seqreal2,332128,complete,457.692,457.755,92272168,REALIZABLE,-,realizable
452734733,AIGER-Real/factory_assembly_5x5_2_1errors.aag,9164889,simpleBDDSolver,24326,seqreal1,332129,complete,399.916,400.009,92272136,REALIZABLE,-,realizable
452734737,AIGER-Real/moving_obstacle_8x8_0glitches.aag,9164890,simpleBDDSolver,24326,seqreal2,332128,complete,0.108942,0.108892,113176,REALIZABLE,-,realizable
452734738,AIGER-Real/moving_obstacle_8x8_0glitches.aag,9164890,simpleBDDSolver,24326,seqreal1,332129,complete,0.109248,0.109256,113176,REALIZABLE,-,realizable
452734742,AIGER-Real/cycle_sched_4_4_1.aag,9164891,simpleBDDSolver,24326,seqreal2,332128,complete,3.06419,3.06423,92062596,REALIZABLE,-,realizable
452734743,AIGER-Real/cycle_sched_4_4_1.aag,9164891,simpleBDDSolver,24326,seqreal1,332129,complete,2.53586,2.53608,92060656,REALIZABLE,-,realizable
452734747,AIGER-Real/factory_assembly_5x4_1_0errors.aag,9164892,simpleBDDSolver,24326,seqreal2,332128,complete,1.30458,0.704579,92055984,UNREALIZABLE,-,unrealizable
452734748,AIGER-Real/factory_assembly_5x4_1_0errors.aag,9164892,simpleBDDSolver,24326,seqreal1,332129,complete,0.708379,0.708445,92055960,UNREALIZABLE,-,unrealizable
452734752,AIGER-Real/ltl2dpa_E4_comp2_REAL.aag,9164893,simpleBDDSolver,24326,seqreal2,332128,timeout (cpu),3600.07,3600.31,92228388,--,Found neither REALIZABLE nor UNREALIZABLE,realizable
452734753,AIGER-Real/ltl2dpa_E4_comp2_REAL.aag,9164893,simpleBDDSolver,24326,seqreal1,332129,timeout (cpu),3600.02,3600.02,92293804,--,Found neither REALIZABLE nor UNREALIZABLE,realizable
452734757,AIGER-Real/mvs24y.aag,9164894,simpleBDDSolver,24326,seqreal2,332128,complete,0.014681,0.014694,113176,REALIZABLE,-,realizable
452734758,AIGER-Real/mvs24y.aag,9164894,simpleBDDSolver,24326,seqreal1,332129,complete,0.014527,0.0145091,113176,REALIZABLE,-,realizable
452734762,AIGER-Real/mult_bool_matrix_4_4_5.aag,9164895,simpleBDDSolver,24326,seqreal2,332128,timeout (cpu),3600.01,3600.61,92598540,--,Found neither REALIZABLE nor UNREALIZABLE,realizable
452734763,AIGER-Real/mult_bool_matrix_4_4_5.aag,9164895,simpleBDDSolver,24326,seqreal1,332129,timeout (cpu),3600.1,3600.43,92598540,--,Found neither REALIZABLE nor UNREALIZABLE,realizable
452734767,AIGER-Real/factory_assembly_5x5_2_0errors.aag,9164896,simpleBDDSolver,24326,seqreal2,332128,complete,278.229,278.223,92280104,REALIZABLE,-,realizable
452734768,AIGER-Real/factory_assembly_5x5_2_0errors.aag,9164896,simpleBDDSolver,24326,seqreal1,332129,complete,255.629,255.664,92280744,REALIZABLE,-,realizable
452734772,AIGER-Real/driver_b5y.aag,9164897,simpleBDDSolver,24326,seqreal2,332128,complete,0.366547,0.366547,113176,UNREALIZABLE,-,unrealizable
452734773,AIGER-Real/driver_b5y.aag,9164897,simpleBDDSolver,24326,seqreal1,332129,complete,0.365262,0.365448,113176,UNREALIZABLE,-,unrealizable
452734777,AIGER-Real/ltl2dba_R6_comp3_UNREAL.aag,9164898,simpleBDDSolver,24326,seqreal2,332128,timeout (cpu),3600.05,3600.27,92362240,--,Found neither REALIZABLE nor UNREALIZABLE,unrealizable
452734778,AIGER-Real/ltl2dba_R6_comp3_UNREAL.aag,9164898,simpleBDDSolver,24326,seqreal1,332129,timeout (cpu),3600.07,3600.12,92362244,--,Found neither REALIZABLE nor UNREALIZABLE,unrealizable
452734782,AIGER-Real/factory_assembly_5x5_2_11errors.aag,9164899,simpleBDDSolver,24326,seqreal2,332128,complete,656.337,656.416,92280804,UNREALIZABLE,-,unrealizable
452734783,AIGER-Real/factory_assembly_5x5_2_11errors.aag,9164899,simpleBDDSolver,24326,seqreal1,332129,complete,673.807,673.946,92291468,UNREALIZABLE,-,unrealizable
452734787,AIGER-Real/gb_s2_r2_comp2_UNREAL.aag,9164900,simpleBDDSolver,24326,seqreal2,332128,complete,2575.09,2575.23,92262468,UNREALIZABLE,-,unrealizable
452734788,AIGER-Real/gb_s2_r2_comp2_UNREAL.aag,9164900,simpleBDDSolver,24326,seqreal1,332129,timeout (cpu),3600.07,3599.91,92239436,--,Found neither REALIZABLE nor UNREALIZABLE,unrealizable
452734792,AIGER-Real/cnt20y.aag,9164901,simpleBDDSolver,24326,seqreal2,332128,complete,8.76703,8.76729,92054652,REALIZABLE,-,realizable
452734793,AIGER-Real/cnt20y.aag,9164901,simpleBDDSolver,24326,seqreal1,332129,complete,8.73255,8.73296,92054652,REALIZABLE,-,realizable
452734797,AIGER-Real/6s192_c0to1.aag,9164902,simpleBDDSolver,24326,seqreal2,332128,timeout (cpu),3600.07,3600.51,92380976,--,Found neither REALIZABLE nor UNREALIZABLE,unknown
452734798,AIGER-Real/6s192_c0to1.aag,9164902,simpleBDDSolver,24326,seqreal1,332129,timeout (cpu),3600.1,3600.42,92424896,--,Found neither REALIZABLE nor UNREALIZABLE,unknown
452734802,AIGER-Real/factory_assembly_5x5_2_10errors.aag,9164903,simpleBDDSolver,24326,seqreal2,332128,complete,524.763,524.87,92278512,REALIZABLE,-,realizable
452734803,AIGER-Real/factory_assembly_5x5_2_10errors.aag,9164903,simpleBDDSolver,24326,seqreal1,332129,complete,550.482,550.556,92269300,REALIZABLE,-,realizable
452734807,AIGER-Real/load_4c_comp_comp7_REAL.aag,9164904,simpleBDDSolver,24326,seqreal2,332128,complete,1828.2,1828.32,92294100,REALIZABLE,-,realizable
452734808,AIGER-Real/load_4c_comp_comp7_REAL.aag,9164904,simpleBDDSolver,24326,seqreal1,332129,complete,335.683,335.722,92157784,REALIZABLE,-,realizable
452734812,AIGER-Real/amba8match5.aag,9164905,simpleBDDSolver,24326,seqreal2,332128,timeout (cpu),3600.07,3600.5,92429524,--,Found neither REALIZABLE nor UNREALIZABLE,unrealizable
452734813,AIGER-Real/amba8match5.aag,9164905,simpleBDDSolver,24326,seqreal1,332129,timeout (cpu),3600.02,3600.62,92429524,--,Found neither REALIZABLE nor UNREALIZABLE,unrealizable
452734817,AIGER-Real/stay18n.aag,9164906,simpleBDDSolver,24326,seqreal2,332128,timeout (cpu),3600.09,3600.92,92597312,--,Found neither REALIZABLE nor UNREALIZABLE,realizable
452734818,AIGER-Real/stay18n.aag,9164906,simpleBDDSolver,24326,seqreal1,332129,timeout (cpu),3600.06,3600.19,92597312,--,Found neither REALIZABLE nor UNREALIZABLE,realizable
452734822,AIGER-Real/mult12.aag,9164907,simpleBDDSolver,24326,seqreal2,332128,timeout (cpu),3600.06,3600.51,92468832,--,Found neither REALIZABLE nor UNREALIZABLE,realizable
452734823,AIGER-Real/mult12.aag,9164907,simpleBDDSolver,24326,seqreal1,332129,timeout (cpu),3600.04,3600.51,92468836,--,Found neither REALIZABLE nor UNREALIZABLE,realizable
452734827,AIGER-Real/amba2match4.aag,9164908,simpleBDDSolver,24326,seqreal2,332128,complete,0.153816,0.153804,113176,UNREALIZABLE,-,unrealizable
452734828,AIGER-Real/amba2match4.aag,9164908,simpleBDDSolver,24326,seqreal1,332129,complete,0.154042,0.154022,113176,UNREALIZABLE,-,unrealizable
452734832,AIGER-Real/driver_d9y.aag,9164909,simpleBDDSolver,24326,seqreal2,332128,complete,0.101895,0.101852,113176,REALIZABLE,-,realizable
452734833,AIGER-Real/driver_d9y.aag,9164909,simpleBDDSolver,24326,seqreal1,332129,complete,0.102595,0.10255,113176,REALIZABLE,-,realizable
452734837,AIGER-Real/amba2match3.aag,9164910,simpleBDDSolver,24326,seqreal2,332128,complete,0.206414,0.206402,113176,UNREALIZABLE,-,unrealizable
452734838,AIGER-Real/amba2match3.aag,9164910,simpleBDDSolver,24326,seqreal1,332129,complete,0.206714,0.20669,113176,UNREALIZABLE,-,unrealizable
452734842,AIGER-Real/driver_c10n.aag,9164911,simpleBDDSolver,24326,seqreal2,332128,complete,0.162775,0.16274,113176,REALIZABLE,-,realizable
452734843,AIGER-Real/driver_c10n.aag,9164911,simpleBDDSolver,24326,seqreal1,332129,complete,0.158455,0.158443,113176,REALIZABLE,-,realizable
452734847,AIGER-Real/demo-v18_2_UNREAL.aag,9164912,simpleBDDSolver,24326,seqreal2,332128,complete,13.9493,13.9496,92101440,UNREALIZABLE,-,unrealizable
452734848,AIGER-Real/demo-v18_2_UNREAL.aag,9164912,simpleBDDSolver,24326,seqreal1,332129,complete,4.1596,4.15969,92063600,UNREALIZABLE,-,unrealizable
452734852,AIGER-Real/cycle_sched_4_8_2.aag,9164913,simpleBDDSolver,24326,seqreal2,332128,complete,21.5243,21.5249,92075988,REALIZABLE,-,realizable
452734853,AIGER-Real/cycle_sched_4_8_2.aag,9164913,simpleBDDSolver,24326,seqreal1,332129,complete,32.4424,32.4452,92081532,REALIZABLE,-,realizable
452734857,AIGER-Real/mult_bool_matrix_4_3_5.aag,9164914,simpleBDDSolver,24326,seqreal2,332128,complete,389.725,389.772,92245400,REALIZABLE,-,realizable
452734858,AIGER-Real/mult_bool_matrix_4_3_5.aag,9164914,simpleBDDSolver,24326,seqreal1,332129,complete,377.813,377.874,92245400,REALIZABLE,-,realizable
452734862,AIGER-Real/cnt15y.aag,9164915,simpleBDDSolver,24326,seqreal2,332128,complete,0.221667,0.221661,113176,REALIZABLE,-,realizable
452734863,AIGER-Real/cnt15y.aag,9164915,simpleBDDSolver,24326,seqreal1,332129,complete,0.221224,0.221212,113176,REALIZABLE,-,realizable
452734867,AIGER-Real/mult_bool_matrix_6_10_7.aag,9164916,simpleBDDSolver,24326,seqreal2,332128,timeout (cpu),3600.07,3600.8,93133348,--,Found neither REALIZABLE nor UNREALIZABLE,unknown
452734868,AIGER-Real/mult_bool_matrix_6_10_7.aag,9164916,simpleBDDSolver,24326,seqreal1,332129,timeout (cpu),3600.01,3600.41,93096484,--,Found neither REALIZABLE nor UNREALIZABLE,unknown
452734872,AIGER-Real/halfadder_shiftedmatch.aag,9164917,simpleBDDSolver,24326,seqreal2,332128,complete,0.012754,0.0127149,113176,REALIZABLE,-,realizable
452734873,AIGER-Real/halfadder_shiftedmatch.aag,9164917,simpleBDDSolver,24326,seqreal1,332129,complete,0.012644,0.0125991,113176,REALIZABLE,-,realizable
452734877,AIGER-Real/moving_obstacle_48x48_19glitches.aag,9164918,simpleBDDSolver,24326,seqreal2,332128,complete,44.8463,44.8479,92164760,REALIZABLE,-,realizable
452734878,AIGER-Real/moving_obstacle_48x48_19glitches.aag,9164918,simpleBDDSolver,24326,seqreal1,332129,complete,42.521,42.5408,92115708,REALIZABLE,-,realizable
452734882,AIGER-Real/beemptrsn7b1_c0to3.aag,9164919,simpleBDDSolver,24326,seqreal2,332128,timeout (cpu),3600.02,3600.55,92540436,--,Found neither REALIZABLE nor UNREALIZABLE,realizable
452734883,AIGER-Real/beemptrsn7b1_c0to3.aag,9164919,simpleBDDSolver,24326,seqreal1,332129,timeout (cpu),3600.07,3600.41,92540436,--,Found neither REALIZABLE nor UNREALIZABLE,realizable
452734887,AIGER-Real/beemskbn2f1_c0to1.aag,9164920,simpleBDDSolver,24326,seqreal2,332128,complete,22.6377,22.6401,92070024,REALIZABLE,-,realizable
452734888,AIGER-Real/beemskbn2f1_c0to1.aag,9164920,simpleBDDSolver,24326,seqreal1,332129,complete,19.7782,19.7892,92070024,REALIZABLE,-,realizable
452734892,AIGER-Real/gb_s2_r4_comp5_REAL.aag,9164921,simpleBDDSolver,24326,seqreal2,332128,timeout (cpu),3600.1,3600.12,92205504,--,Found neither REALIZABLE nor UNREALIZABLE,unknown
452734893,AIGER-Real/gb_s2_r4_comp5_REAL.aag,9164921,simpleBDDSolver,24326,seqreal1,332129,timeout (cpu),3600.01,3600.4,92187352,--,Found neither REALIZABLE nor UNREALIZABLE,unknown
452734897,AIGER-Real/very_good_bakery2.sym.aag,9164922,simpleBDDSolver,24326,seqreal2,332128,complete,0.523202,0.523255,113176,REALIZABLE,-,realizable
452734898,AIGER-Real/very_good_bakery2.sym.aag,9164922,simpleBDDSolver,24326,seqreal1,332129,complete,0.517564,0.517545,113176,REALIZABLE,-,realizable
452734902,AIGER-Real/genbuf20b3unrealy.aag,9164923,simpleBDDSolver,24326,seqreal2,332128,complete,27.7227,27.7218,92190844,UNREALIZABLE,-,unrealizable
452734903,AIGER-Real/genbuf20b3unrealy.aag,9164923,simpleBDDSolver,24326,seqreal1,332129,complete,2325.12,2325.16,92294652,UNREALIZABLE,-,unrealizable
452734907,AIGER-Real/factory_assembly_7x5_2_10errors.aag,9164924,simpleBDDSolver,24326,seqreal2,332128,timeout (cpu),3600.08,3600.41,92554124,--,Found neither REALIZABLE nor UNREALIZABLE,realizable
452734908,AIGER-Real/factory_assembly_7x5_2_10errors.aag,9164924,simpleBDDSolver,24326,seqreal1,332129,timeout (cpu),3600.07,3600.43,92601052,--,Found neither REALIZABLE nor UNREALIZABLE,realizable
452734912,AIGER-Real/genbuf24c2unrealy.aag,9164925,simpleBDDSolver,24326,seqreal2,332128,complete,477.723,477.82,92282256,UNREALIZABLE,-,unrealizable
452734913,AIGER-Real/genbuf24c2unrealy.aag,9164925,simpleBDDSolver,24326,seqreal1,332129,timeout (cpu),3600.03,3600.3,92474184,--,Found neither REALIZABLE nor UNREALIZABLE,unrealizable
452734917,AIGER-Real/bs128n.aag,9164926,simpleBDDSolver,24326,seqreal2,332128,complete,0.021028,0.0210131,113176,REALIZABLE,-,realizable
452734918,AIGER-Real/bs128n.aag,9164926,simpleBDDSolver,24326,seqreal1,332129,complete,0.020865,0.0208731,113176,REALIZABLE,-,realizable
452734922,AIGER-Real/moving_obstacle_8x8_1glitches.aag,9164927,simpleBDDSolver,24326,seqreal2,332128,complete,0.25179,0.251825,113176,UNREALIZABLE,-,unrealizable
452734923,AIGER-Real/moving_obstacle_8x8_1glitches.aag,9164927,simpleBDDSolver,24326,seqreal1,332129,complete,0.245888,0.245867,113176,UNREALIZABLE,-,unrealizable
452734927,AIGER-Real/beemkrebs3f1_c0to1.aag,9164928,simpleBDDSolver,24326,seqreal2,332128,complete,0.080123,0.080135,113176,REALIZABLE,-,realizable
452734928,AIGER-Real/beemkrebs3f1_c0to1.aag,9164928,simpleBDDSolver,24326,seqreal1,332129,complete,0.080934,0.080943,113176,REALIZABLE,-,realizable
452734932,AIGER-Real/moving_obstacle_16x16_4glitches.aag,9164929,simpleBDDSolver,24326,seqreal2,332128,complete,1.34197,1.34215,92059708,UNREALIZABLE,-,unrealizable
452734933,AIGER-Real/moving_obstacle_16x16_4glitches.aag,9164929,simpleBDDSolver,24326,seqreal1,332129,complete,1.38286,1.38297,92061652,UNREALIZABLE,-,unrealizable
452734937,AIGER-Real/demo-v6_5_REAL.aag,9164930,simpleBDDSolver,24326,seqreal2,332128,complete,0.355247,0.355213,113176,REALIZABLE,-,realizable
452734938,AIGER-Real/demo-v6_5_REAL.aag,9164930,simpleBDDSolver,24326,seqreal1,332129,complete,0.364206,0.3642,113176,REALIZABLE,-,realizable
452734942,AIGER-Real/factory_assembly_7x5_2_11errors.aag,9164931,simpleBDDSolver,24326,seqreal2,332128,timeout (cpu),3600.04,3600.42,92565676,--,Found neither REALIZABLE nor UNREALIZABLE,realizable
452734943,AIGER-Real/factory_assembly_7x5_2_11errors.aag,9164931,simpleBDDSolver,24326,seqreal1,332129,timeout (cpu),3600.04,3600.41,92583012,--,Found neither REALIZABLE nor UNREALIZABLE,realizable
452734947,AIGER-Real/ltl2dba_U1-4_comp3_REAL.aag,9164932,simpleBDDSolver,24326,seqreal2,332128,complete,49.9094,49.9107,92085660,REALIZABLE,-,realizable
452734948,AIGER-Real/ltl2dba_U1-4_comp3_REAL.aag,9164932,simpleBDDSolver,24326,seqreal1,332129,complete,48.2325,48.2314,92117036,REALIZABLE,-,realizable
452734952,AIGER-Real/driver_c8n.aag,9164933,simpleBDDSolver,24326,seqreal2,332128,complete,0.254413,0.254374,113176,REALIZABLE,-,realizable
452734953,AIGER-Real/driver_c8n.aag,9164933,simpleBDDSolver,24326,seqreal1,332129,complete,0.257258,0.257284,113176,REALIZABLE,-,realizable
452734957,AIGER-Real/load_full_5_comp1_REAL.aag,9164934,simpleBDDSolver,24326,seqreal2,332128,timeout (cpu),3600.06,3600.5,92227500,--,Found neither REALIZABLE nor UNREALIZABLE,unrealizable
452734958,AIGER-Real/load_full_5_comp1_REAL.aag,9164934,simpleBDDSolver,24326,seqreal1,332129,timeout (cpu),3600.07,3600.02,92293796,--,Found neither REALIZABLE nor UNREALIZABLE,unrealizable
452734962,AIGER-Real/ltl2dba_R4_comp3_UNREAL.aag,9164935,simpleBDDSolver,24326,seqreal2,332128,timeout (cpu),3600.01,3600.24,92263684,--,Found neither REALIZABLE nor UNREALIZABLE,unrealizable
452734963,AIGER-Real/ltl2dba_R4_comp3_UNREAL.aag,9164935,simpleBDDSolver,24326,seqreal1,332129,timeout (cpu),3600.08,3600.32,92272216,--,Found neither REALIZABLE nor UNREALIZABLE,unrealizable
452734967,AIGER-Real/amba6c4unrealy.aag,9164936,simpleBDDSolver,24326,seqreal2,332128,complete,9.54999,9.55126,92077952,UNREALIZABLE,-,unrealizable
452734968,AIGER-Real/amba6c4unrealy.aag,9164936,simpleBDDSolver,24326,seqreal1,332129,complete,8.00656,8.00626,92063140,UNREALIZABLE,-,unrealizable
452734972,AIGER-Real/amba12b4unrealy.aag,9164937,simpleBDDSolver,24326,seqreal2,332128,complete,80.7461,80.7493,92201180,UNREALIZABLE,-,unrealizable
452734973,AIGER-Real/amba12b4unrealy.aag,9164937,simpleBDDSolver,24326,seqreal1,332129,complete,92.6847,92.6836,92222604,UNREALIZABLE,-,unrealizable
452734977,AIGER-Real/ltl2dpa_U14_comp2_REAL.aag,9164938,simpleBDDSolver,24326,seqreal2,332128,timeout (cpu),3600.01,3600.23,92263320,--,Found neither REALIZABLE nor UNREALIZABLE,realizable
452734978,AIGER-Real/ltl2dpa_U14_comp2_REAL.aag,9164938,simpleBDDSolver,24326,seqreal1,332129,timeout (cpu),3600.08,3600.41,92289800,--,Found neither REALIZABLE nor UNREALIZABLE,realizable
452734982,AIGER-Real/amba7f24unrealn.aag,9164939,simpleBDDSolver,24326,seqreal2,332128,complete,146.659,146.682,92231620,UNREALIZABLE,-,unrealizable
452734983,AIGER-Real/amba7f24unrealn.aag,9164939,simpleBDDSolver,24326,seqreal1,332129,complete,155.557,155.584,92214284,UNREALIZABLE,-,unrealizable
452734987,AIGER-Real/interface-with-overflows-k8-liveness.aag,9164940,simpleBDDSolver,24326,seqreal2,332128,complete,27.4449,27.4444,92143824,UNREALIZABLE,-,unrealizable
452734988,AIGER-Real/interface-with-overflows-k8-liveness.aag,9164940,simpleBDDSolver,24326,seqreal1,332129,complete,52.3359,52.3457,92204336,UNREALIZABLE,-,unrealizable
452734992,AIGER-Real/amba10f36unrealy.aag,9164941,simpleBDDSolver,24326,seqreal2,332128,complete,663.031,663.094,92279076,UNREALIZABLE,-,unrealizable
452734993,AIGER-Real/amba10f36unrealy.aag,9164941,simpleBDDSolver,24326,seqreal1,332129,complete,859.018,859.138,92280992,UNREALIZABLE,-,unrealizable
452734997,AIGER-Real/genbuf28f27unrealn.aag,9164942,simpleBDDSolver,24326,seqreal2,332128,complete,334.153,334.136,92279436,UNREALIZABLE,-,unrealizable
452734998,AIGER-Real/genbuf28f27unrealn.aag,9164942,simpleBDDSolver,24326,seqreal1,332129,complete,450.046,450.079,92284036,UNREALIZABLE,-,unrealizable
452735002,AIGER-Real/driver_b4n.aag,9164943,simpleBDDSolver,24326,seqreal2,332128,complete,0.597269,0.597217,92054740,UNREALIZABLE,-,unrealizable
452735003,AIGER-Real/driver_b4n.aag,9164943,simpleBDDSolver,24326,seqreal1,332129,complete,0.594164,0.59416,92054740,UNREALIZABLE,-,unrealizable
452735007,AIGER-Real/interface-with-overflows-k9-liveness.aag,9164944,simpleBDDSolver,24326,seqreal2,332128,complete,34.9522,34.9556,92169792,UNREALIZABLE,-,unrealizable
452735008,AIGER-Real/interface-with-overflows-k9-liveness.aag,9164944,simpleBDDSolver,24326,seqreal1,332129,complete,49.5312,49.5365,92190892,UNREALIZABLE,-,unrealizable
452735012,AIGER-Real/beemloyd2b1_c0to7.aag,9164945,simpleBDDSolver,24326,seqreal2,332128,complete,67.6696,67.6723,92081952,REALIZABLE,-,realizable
452735013,AIGER-Real/beemloyd2b1_c0to7.aag,9164945,simpleBDDSolver,24326,seqreal1,332129,complete,59.401,59.4109,92081888,REALIZABLE,-,realizable
452735017,AIGER-Real/6s11_c0to1.aag,9164946,simpleBDDSolver,24326,seqreal2,332128,timeout (cpu),3600.01,3600.31,92938884,--,Found neither REALIZABLE nor UNREALIZABLE,unknown
452735018,AIGER-Real/6s11_c0to1.aag,9164946,simpleBDDSolver,24326,seqreal1,332129,timeout (cpu),3600.02,3600.44,92934340,--,Found neither REALIZABLE nor UNREALIZABLE,unknown
452735022,AIGER-Real/amba12f50y.aag,9164947,simpleBDDSolver,24326,seqreal2,332128,complete,867.906,867.994,92272008,REALIZABLE,-,realizable
452735023,AIGER-Real/amba12f50y.aag,9164947,simpleBDDSolver,24326,seqreal1,332129,complete,962.221,962.381,92260008,REALIZABLE,-,realizable
452735027,AIGER-Real/load_full_4_comp2_REAL.aag,9164948,simpleBDDSolver,24326,seqreal2,332128,timeout (cpu),3600.05,3600.26,92248088,--,Found neither REALIZABLE nor UNREALIZABLE,unrealizable
452735028,AIGER-Real/load_full_4_comp2_REAL.aag,9164948,simpleBDDSolver,24326,seqreal1,332129,timeout (cpu),3600.05,3600.21,92268012,--,Found neither REALIZABLE nor UNREALIZABLE,unrealizable
452735032,AIGER-Real/load_5c_comp_comp3_UNREAL.aag,9164949,simpleBDDSolver,24326,seqreal2,332128,timeout (cpu),3600.04,3600.42,92340608,--,Found neither REALIZABLE nor UNREALIZABLE,realizable
452735033,AIGER-Real/load_5c_comp_comp3_UNREAL.aag,9164949,simpleBDDSolver,24326,seqreal1,332129,timeout (cpu),3600.02,3600.48,92341012,--,Found neither REALIZABLE nor UNREALIZABLE,realizable
452735037,AIGER-Real/ltl2dba_E6_comp2_REAL.aag,9164950,simpleBDDSolver,24326,seqreal2,332128,timeout (cpu),3600.06,3600.56,92294336,--,Found neither REALIZABLE nor UNREALIZABLE,realizable
452735038,AIGER-Real/ltl2dba_E6_comp2_REAL.aag,9164950,simpleBDDSolver,24326,seqreal1,332129,timeout (cpu),3600.07,3600.81,92283644,--,Found neither REALIZABLE nor UNREALIZABLE,realizable
452735042,AIGER-Real/add128n.aag,9164951,simpleBDDSolver,24326,seqreal2,332128,complete,81.7882,81.8033,92109280,REALIZABLE,-,realizable
452735043,AIGER-Real/add128n.aag,9164951,simpleBDDSolver,24326,seqreal1,332129,complete,81.5568,81.562,92105444,REALIZABLE,-,realizable
452735047,AIGER-Real/mvs20n.aag,9164952,simpleBDDSolver,24326,seqreal2,332128,complete,0.014545,0.0145411,113176,REALIZABLE,-,realizable
452735048,AIGER-Real/mvs20n.aag,9164952,simpleBDDSolver,24326,seqreal1,332129,complete,0.016206,0.0161561,113176,REALIZABLE,-,realizable
452735052,AIGER-Real/cycle_sched_16_7_1.aag,9164953,simpleBDDSolver,24326,seqreal2,332128,complete,37.6819,37.6859,92078616,REALIZABLE,-,realizable
452735053,AIGER-Real/cycle_sched_16_7_1.aag,9164953,simpleBDDSolver,24326,seqreal1,332129,complete,45.529,45.5281,92078696,REALIZABLE,-,realizable
452735057,AIGER-Real/genbuf20c10n.aag,9164954,simpleBDDSolver,24326,seqreal2,332128,complete,103.343,103.383,92250116,REALIZABLE,-,realizable
452735058,AIGER-Real/genbuf20c10n.aag,9164954,simpleBDDSolver,24326,seqreal1,332129,timeout (cpu),3600.04,3600.61,92361412,--,Found neither REALIZABLE nor UNREALIZABLE,realizable
452735062,AIGER-Real/demo-v13_5_REAL.aag,9164955,simpleBDDSolver,24326,seqreal2,332128,complete,0.013445,0.0134239,113176,REALIZABLE,-,realizable
452735063,AIGER-Real/demo-v13_5_REAL.aag,9164955,simpleBDDSolver,24326,seqreal1,332129,complete,0.012618,0.012619,113176,REALIZABLE,-,realizable
452735067,AIGER-Real/stay12y.aag,9164956,simpleBDDSolver,24326,seqreal2,332128,complete,6.25036,6.2508,92064256,REALIZABLE,-,realizable
452735068,AIGER-Real/stay12y.aag,9164956,simpleBDDSolver,24326,seqreal1,332129,complete,6.24557,6.24602,92064416,REALIZABLE,-,realizable
452735072,AIGER-Real/add192n.aag,9164957,simpleBDDSolver,24326,seqreal2,332128,complete,387.581,387.594,92196456,REALIZABLE,-,realizable
452735073,AIGER-Real/add192n.aag,9164957,simpleBDDSolver,24326,seqreal1,332129,complete,405.278,405.33,92200460,REALIZABLE,-,realizable
452735077,AIGER-Real/gb_s2_r3_comp3_REAL.aag,9164958,simpleBDDSolver,24326,seqreal2,332128,timeout (cpu),3600.1,3600.13,92227104,--,Found neither REALIZABLE nor UNREALIZABLE,unknown
452735078,AIGER-Real/gb_s2_r3_comp3_REAL.aag,9164958,simpleBDDSolver,24326,seqreal1,332129,timeout (cpu),3600.05,3600.21,92213212,--,Found neither REALIZABLE nor UNREALIZABLE,unknown
452735082,AIGER-Real/atom_bakery_sym.aag,9164959,simpleBDDSolver,24326,seqreal2,332128,complete,0.133681,0.133727,113176,UNREALIZABLE,-,unrealizable
452735083,AIGER-Real/atom_bakery_sym.aag,9164959,simpleBDDSolver,24326,seqreal1,332129,complete,0.072349,0.0723341,113176,UNREALIZABLE,-,unrealizable
452735087,AIGER-Real/bs512y.aag,9164960,simpleBDDSolver,24326,seqreal2,332128,complete,0.824881,0.824877,92057076,REALIZABLE,-,realizable
452735088,AIGER-Real/bs512y.aag,9164960,simpleBDDSolver,24326,seqreal1,332129,complete,0.790145,0.79016,92057076,REALIZABLE,-,realizable
452735092,AIGER-Real/load_4c_comp_comp1_UNREAL.aag,9164961,simpleBDDSolver,24326,seqreal2,332128,complete,23.9038,23.9045,92079276,UNREALIZABLE,-,unrealizable
452735093,AIGER-Real/load_4c_comp_comp1_UNREAL.aag,9164961,simpleBDDSolver,24326,seqreal1,332129,complete,19.892,19.8917,92080320,UNREALIZABLE,-,unrealizable
452735097,AIGER-Real/good_bakery.wuntil.aag,9164962,simpleBDDSolver,24326,seqreal2,332128,complete,1.36583,1.36577,92054556,REALIZABLE,-,realizable
452735098,AIGER-Real/good_bakery.wuntil.aag,9164962,simpleBDDSolver,24326,seqreal1,332129,complete,1.42074,1.42075,92054556,REALIZABLE,-,realizable
452735102,AIGER-Real/driver_d4y.aag,9164963,simpleBDDSolver,24326,seqreal2,332128,complete,0.015614,0.015576,113176,UNREALIZABLE,-,unrealizable
452735103,AIGER-Real/driver_d4y.aag,9164963,simpleBDDSolver,24326,seqreal1,332129,complete,0.015894,0.015899,113176,UNREALIZABLE,-,unrealizable
452735107,AIGER-Real/demo-v3_5_REAL.aag,9164964,simpleBDDSolver,24326,seqreal2,332128,complete,0.041053,0.0410629,113176,REALIZABLE,-,realizable
452735108,AIGER-Real/demo-v3_5_REAL.aag,9164964,simpleBDDSolver,24326,seqreal1,332129,complete,0.04069,0.0406679,113176,REALIZABLE,-,realizable
452735112,AIGER-Real/demo-v22_5_REAL.aag,9164965,simpleBDDSolver,24326,seqreal2,332128,complete,0.463985,0.464006,113176,REALIZABLE,-,realizable
452735113,AIGER-Real/demo-v22_5_REAL.aag,9164965,simpleBDDSolver,24326,seqreal1,332129,complete,0.465132,0.465181,113176,REALIZABLE,-,realizable
452735117,AIGER-Real/6s182_c0to3.aag,9164966,simpleBDDSolver,24326,seqreal2,332128,timeout (cpu),3600.07,3600.52,92714516,--,Found neither REALIZABLE nor UNREALIZABLE,unknown
452735118,AIGER-Real/6s182_c0to3.aag,9164966,simpleBDDSolver,24326,seqreal1,332129,timeout (cpu),3600.07,3600.12,92714520,--,Found neither REALIZABLE nor UNREALIZABLE,unknown
452735122,AIGER-Real/beemgear2f1_c0to3.aag,9164967,simpleBDDSolver,24326,seqreal2,332128,complete,7.08871,7.08846,92057704,REALIZABLE,-,realizable
452735123,AIGER-Real/beemgear2f1_c0to3.aag,9164967,simpleBDDSolver,24326,seqreal1,332129,complete,7.27006,7.27417,92057704,REALIZABLE,-,realizable
452735127,AIGER-Real/mult_bool_matrix_dyn_4_5.aag,9164968,simpleBDDSolver,24326,seqreal2,332128,complete,5.81522,5.8157,92074032,REALIZABLE,-,realizable
452735128,AIGER-Real/mult_bool_matrix_dyn_4_5.aag,9164968,simpleBDDSolver,24326,seqreal1,332129,complete,4.70716,4.71167,92063728,REALIZABLE,-,realizable
452735132,AIGER-Real/moving_obstacle_96x96_44glitches.aag,9164969,simpleBDDSolver,24326,seqreal2,332128,complete,1700.33,1700.37,92304452,UNREALIZABLE,-,unrealizable
452735133,AIGER-Real/moving_obstacle_96x96_44glitches.aag,9164969,simpleBDDSolver,24326,seqreal1,332129,complete,1668.66,1668.94,92305188,UNREALIZABLE,-,unrealizable
452735137,AIGER-Real/driver_a4n.aag,9164970,simpleBDDSolver,24326,seqreal2,332128,complete,0.618127,0.618111,92054740,UNREALIZABLE,-,unrealizable
452735138,AIGER-Real/driver_a4n.aag,9164970,simpleBDDSolver,24326,seqreal1,332129,complete,0.618606,0.618594,92054740,UNREALIZABLE,-,unrealizable
452735142,AIGER-Real/genbuf28c14n.aag,9164971,simpleBDDSolver,24326,seqreal2,332128,complete,226.251,226.294,92277212,REALIZABLE,-,realizable
452735143,AIGER-Real/genbuf28c14n.aag,9164971,simpleBDDSolver,24326,seqreal1,332129,timeout (cpu),3600.02,3600.26,92602636,--,Found neither REALIZABLE nor UNREALIZABLE,realizable
452735147,AIGER-Real/ltl2dba_C2-8_comp4_REAL.aag,9164972,simpleBDDSolver,24326,seqreal2,332128,complete,0.443119,0.443072,113176,REALIZABLE,-,realizable
452735148,AIGER-Real/ltl2dba_C2-8_comp4_REAL.aag,9164972,simpleBDDSolver,24326,seqreal1,332129,complete,0.469982,0.469982,113176,REALIZABLE,-,realizable
452735152,AIGER-Real/cycle_sched_6_7_1.aag,9164973,simpleBDDSolver,24326,seqreal2,332128,complete,56.9266,56.9249,92082528,REALIZABLE,-,realizable
452735153,AIGER-Real/cycle_sched_6_7_1.aag,9164973,simpleBDDSolver,24326,seqreal1,332129,complete,60.8585,60.8869,92103100,REALIZABLE,-,realizable
452735157,AIGER-Real/amba2match5.aag,9164974,simpleBDDSolver,24326,seqreal2,332128,complete,0.481932,0.481884,113176,UNREALIZABLE,-,unrealizable
452735158,AIGER-Real/amba2match5.aag,9164974,simpleBDDSolver,24326,seqreal1,332129,complete,0.482126,0.482086,113176,UNREALIZABLE,-,unrealizable
452735162,AIGER-Real/demo-v18_5_REAL.aag,9164975,simpleBDDSolver,24326,seqreal2,332128,complete,133.177,133.193,92204824,REALIZABLE,-,realizable
452735163,AIGER-Real/demo-v18_5_REAL.aag,9164975,simpleBDDSolver,24326,seqreal1,332129,complete,156.033,156.085,92200728,REALIZABLE,-,realizable
452735167,AIGER-Real/driver_d7n.aag,9164976,simpleBDDSolver,24326,seqreal2,332128,complete,0.059267,0.0592669,113176,UNREALIZABLE,-,unrealizable
452735168,AIGER-Real/driver_d7n.aag,9164976,simpleBDDSolver,24326,seqreal1,332129,complete,0.061093,0.0610841,113176,UNREALIZABLE,-,unrealizable
452735172,AIGER-Real/beemadd3b1_c0to3.aag,9164977,simpleBDDSolver,24326,seqreal2,332128,complete,10.8172,10.8183,92058324,REALIZABLE,-,realizable
452735173,AIGER-Real/beemadd3b1_c0to3.aag,9164977,simpleBDDSolver,24326,seqreal1,332129,complete,10.8009,10.802,92058324,REALIZABLE,-,realizable
452735177,AIGER-Real/6s16_c0to7.aag,9164978,simpleBDDSolver,24326,seqreal2,332128,complete,756.84,756.904,92267320,NEW-REALIZABLE,-,unknown
452735178,AIGER-Real/6s16_c0to7.aag,9164978,simpleBDDSolver,24326,seqreal1,332129,complete,728.274,728.397,92266396,NEW-REALIZABLE,-,unknown
452735182,AIGER-Real/ltl2dba_theta8_comp4_UNREAL.aag,9164979,simpleBDDSolver,24326,seqreal2,332128,complete,33.4932,33.4974,92113400,UNREALIZABLE,-,unrealizable
452735183,AIGER-Real/ltl2dba_theta8_comp4_UNREAL.aag,9164979,simpleBDDSolver,24326,seqreal1,332129,complete,37.249,37.2475,92109956,UNREALIZABLE,-,unrealizable
452735187,AIGER-Real/good_bakery.false.aag,9164980,simpleBDDSolver,24326,seqreal2,332128,complete,597.526,597.624,92216116,UNREALIZABLE,-,unrealizable
452735188,AIGER-Real/good_bakery.false.aag,9164980,simpleBDDSolver,24326,seqreal1,332129,complete,245.034,245.07,92236008,UNREALIZABLE,-,unrealizable
452735192,AIGER-Real/genbuf48c20n.aag,9164981,simpleBDDSolver,24326,seqreal2,332128,timeout (cpu),3600.03,3600.31,92369108,--,Found neither REALIZABLE nor UNREALIZABLE,realizable
452735193,AIGER-Real/genbuf48c20n.aag,9164981,simpleBDDSolver,24326,seqreal1,332129,timeout (cpu),3600.06,3600.61,92423048,--,Found neither REALIZABLE nor UNREALIZABLE,realizable
452735197,AIGER-Real/demo-v11_5_UNREAL.aag,9164982,simpleBDDSolver,24326,seqreal2,332128,complete,0.015982,0.015985,113176,UNREALIZABLE,-,unrealizable
452735198,AIGER-Real/demo-v11_5_UNREAL.aag,9164982,simpleBDDSolver,24326,seqreal1,332129,complete,0.01588,0.0159049,113176,UNREALIZABLE,-,unrealizable
452735202,AIGER-Real/bs256y.aag,9164983,simpleBDDSolver,24326,seqreal2,332128,complete,0.191092,0.19107,113176,REALIZABLE,-,realizable
452735203,AIGER-Real/bs256y.aag,9164983,simpleBDDSolver,24326,seqreal1,332129,complete,0.209158,0.209178,113176,REALIZABLE,-,realizable
452735207,AIGER-Real/interface-with-overflows-k5-liveness.aag,9164984,simpleBDDSolver,24326,seqreal2,332128,complete,35.3009,35.3,92191616,UNREALIZABLE,-,unrealizable
452735208,AIGER-Real/interface-with-overflows-k5-liveness.aag,9164984,simpleBDDSolver,24326,seqreal1,332129,complete,41.7613,41.7597,92214236,UNREALIZABLE,-,unrealizable
452735212,AIGER-Real/amba9c4unrealy.aag,9164985,simpleBDDSolver,24326,seqreal2,332128,complete,29.4592,29.4586,92188272,UNREALIZABLE,-,unrealizable
452735213,AIGER-Real/amba9c4unrealy.aag,9164985,simpleBDDSolver,24326,seqreal1,332129,complete,33.8284,33.8266,92121956,UNREALIZABLE,-,unrealizable
452735217,AIGER-Real/beempgsol5b1_c0to1.aag,9164986,simpleBDDSolver,24326,seqreal2,332128,timeout (cpu),3600.01,3600.32,92408012,--,Found neither REALIZABLE nor UNREALIZABLE,realizable
452735218,AIGER-Real/beempgsol5b1_c0to1.aag,9164986,simpleBDDSolver,24326,seqreal1,332129,timeout (cpu),3600.05,3600.37,92408012,--,Found neither REALIZABLE nor UNREALIZABLE,realizable
452735222,AIGER-Real/amba4match5.aag,9164987,simpleBDDSolver,24326,seqreal2,332128,complete,56.8767,56.8787,92077664,UNREALIZABLE,-,unrealizable
452735223,AIGER-Real/amba4match5.aag,9164987,simpleBDDSolver,24326,seqreal1,332129,complete,78.4146,78.4182,92108752,UNREALIZABLE,-,unrealizable
452735227,AIGER-Real/genbuf56c20y.aag,9164988,simpleBDDSolver,24326,seqreal2,332128,timeout (cpu),3600.05,3600.11,92289076,--,Found neither REALIZABLE nor UNREALIZABLE,realizable
452735228,AIGER-Real/genbuf56c20y.aag,9164988,simpleBDDSolver,24326,seqreal1,332129,timeout (cpu),3600.02,3600.34,92303728,--,Found neither REALIZABLE nor UNREALIZABLE,realizable
452735232,AIGER-Real/bs2048y.aag,9164989,simpleBDDSolver,24326,seqreal2,332128,complete,7.61545,7.61604,92107956,REALIZABLE,-,realizable
452735233,AIGER-Real/bs2048y.aag,9164989,simpleBDDSolver,24326,seqreal1,332129,complete,7.10435,7.10474,92107960,REALIZABLE,-,realizable
452735237,AIGER-Real/moving_obstacle_32x32_12glitches.aag,9164990,simpleBDDSolver,24326,seqreal2,332128,complete,10.0367,5.06761,92073544,UNREALIZABLE,-,unrealizable
452735238,AIGER-Real/moving_obstacle_32x32_12glitches.aag,9164990,simpleBDDSolver,24326,seqreal1,332129,complete,5.17535,5.17545,92073536,UNREALIZABLE,-,unrealizable
452735242,AIGER-Real/demo-v1_5_UNREAL.aag,9164991,simpleBDDSolver,24326,seqreal2,332128,complete,0.027631,0.027641,113176,UNREALIZABLE,-,unrealizable
452735243,AIGER-Real/demo-v1_5_UNREAL.aag,9164991,simpleBDDSolver,24326,seqreal1,332129,complete,0.028935,0.028967,113176,UNREALIZABLE,-,unrealizable
452735247,AIGER-Real/amba5match5.aag,9164992,simpleBDDSolver,24326,seqreal2,332128,complete,52.5348,52.5362,92075192,UNREALIZABLE,-,unrealizable
452735248,AIGER-Real/amba5match5.aag,9164992,simpleBDDSolver,24326,seqreal1,332129,complete,52.9299,52.9366,92081596,UNREALIZABLE,-,unrealizable
452735252,AIGER-Real/ltl2dba_E4_comp4_REAL.aag,9164993,simpleBDDSolver,24326,seqreal2,332128,complete,2693.43,2693.6,92276500,REALIZABLE,-,realizable
452735253,AIGER-Real/ltl2dba_E4_comp4_REAL.aag,9164993,simpleBDDSolver,24326,seqreal1,332129,complete,2167.85,2167.96,92269820,REALIZABLE,-,realizable
452735257,AIGER-Real/demo-v11_2_UNREAL.aag,9164994,simpleBDDSolver,24326,seqreal2,332128,complete,0.013833,0.0138009,113176,UNREALIZABLE,-,unrealizable
452735258,AIGER-Real/demo-v11_2_UNREAL.aag,9164994,simpleBDDSolver,24326,seqreal1,332129,complete,0.014074,0.0140891,113176,UNREALIZABLE,-,unrealizable
452735262,AIGER-Real/mvs28n.aag,9164995,simpleBDDSolver,24326,seqreal2,332128,complete,0.076971,0.0769679,113176,REALIZABLE,-,realizable
452735263,AIGER-Real/mvs28n.aag,9164995,simpleBDDSolver,24326,seqreal1,332129,complete,0.078269,0.07829,113176,REALIZABLE,-,realizable
452735267,AIGER-Real/cycle_sched_20_2_4.aag,9164996,simpleBDDSolver,24326,seqreal2,332128,complete,431.175,431.188,92191768,REALIZABLE,-,realizable
452735268,AIGER-Real/cycle_sched_20_2_4.aag,9164996,simpleBDDSolver,24326,seqreal1,332129,complete,683.143,683.179,92261892,REALIZABLE,-,realizable
452735272,AIGER-Real/load_full_6_comp2_REAL.aag,9164997,simpleBDDSolver,24326,seqreal2,332128,timeout (cpu),3600.03,3600.2,92305800,--,Found neither REALIZABLE nor UNREALIZABLE,unknown
452735273,AIGER-Real/load_full_6_comp2_REAL.aag,9164997,simpleBDDSolver,24326,seqreal1,332129,timeout (cpu),3600.09,3600.38,92290696,--,Found neither REALIZABLE nor UNREALIZABLE,unknown
452735277,AIGER-Real/driver_d8y.aag,9164998,simpleBDDSolver,24326,seqreal2,332128,complete,0.100951,0.100932,113176,REALIZABLE,-,realizable
452735278,AIGER-Real/driver_d8y.aag,9164998,simpleBDDSolver,24326,seqreal1,332129,complete,0.102975,0.102962,113176,REALIZABLE,-,realizable
452735282,AIGER-Real/cycle_sched_24_2_4.aag,9164999,simpleBDDSolver,24326,seqreal2,332128,timeout (cpu),3600.09,3600.7,92296164,--,Found neither REALIZABLE nor UNREALIZABLE,realizable
452735283,AIGER-Real/cycle_sched_24_2_4.aag,9164999,simpleBDDSolver,24326,seqreal1,332129,complete,1367.96,1368.14,92275112,REALIZABLE,-,realizable
452735287,AIGER-Real/cycle_sched_16_3_4.aag,9165000,simpleBDDSolver,24326,seqreal2,332128,complete,227.872,227.913,92185472,NEW-REALIZABLE,-,unknown
452735288,AIGER-Real/cycle_sched_16_3_4.aag,9165000,simpleBDDSolver,24326,seqreal1,332129,complete,318.535,318.593,92253184,NEW-REALIZABLE,-,unknown
452735292,AIGER-Real/ltl2dba_U1-6_comp2_UNREAL.aag,9165001,simpleBDDSolver,24326,seqreal2,332128,timeout (cpu),3600.01,3600.41,92278980,--,Found neither REALIZABLE nor UNREALIZABLE,unknown
452735293,AIGER-Real/ltl2dba_U1-6_comp2_UNREAL.aag,9165001,simpleBDDSolver,24326,seqreal1,332129,timeout (cpu),3600.03,3600.21,92236840,--,Found neither REALIZABLE nor UNREALIZABLE,unknown
452735297,AIGER-Real/mult_bool_matrix_dyn_5_5.aag,9165002,simpleBDDSolver,24326,seqreal2,332128,complete,1202.37,1202.51,92301092,REALIZABLE,-,realizable
452735298,AIGER-Real/mult_bool_matrix_dyn_5_5.aag,9165002,simpleBDDSolver,24326,seqreal1,332129,complete,1454.79,1454.88,92300420,REALIZABLE,-,realizable
452735302,AIGER-Real/amba6match5.aag,9165003,simpleBDDSolver,24326,seqreal2,332128,complete,74.7362,74.7334,92085504,UNREALIZABLE,-,unrealizable
452735303,AIGER-Real/amba6match5.aag,9165003,simpleBDDSolver,24326,seqreal1,332129,complete,68.4964,68.5068,92115964,UNREALIZABLE,-,unrealizable
452735307,AIGER-Real/ltl2dba_beta5_comp3_UNREAL.aag,9165004,simpleBDDSolver,24326,seqreal2,332128,timeout (cpu),3600.06,3600.41,92266724,--,Found neither REALIZABLE nor UNREALIZABLE,unknown
452735308,AIGER-Real/ltl2dba_beta5_comp3_UNREAL.aag,9165004,simpleBDDSolver,24326,seqreal1,332129,timeout (cpu),3600.03,3600.21,92266708,--,Found neither REALIZABLE nor UNREALIZABLE,unknown
452735312,AIGER-Real/moving_obstacle_48x48_20glitches.aag,9165005,simpleBDDSolver,24326,seqreal2,332128,complete,53.2146,53.213,92117340,UNREALIZABLE,-,unrealizable
452735313,AIGER-Real/moving_obstacle_48x48_20glitches.aag,9165005,simpleBDDSolver,24326,seqreal1,332129,complete,51.3585,51.3753,92184512,UNREALIZABLE,-,unrealizable
452735317,AIGER-Real/cycle_sched_2_6_1.aag,9165006,simpleBDDSolver,24326,seqreal2,332128,complete,0.477193,0.477176,113176,REALIZABLE,-,realizable
452735318,AIGER-Real/cycle_sched_2_6_1.aag,9165006,simpleBDDSolver,24326,seqreal1,332129,complete,0.313023,0.313032,113176,REALIZABLE,-,realizable
452735322,AIGER-Real/cycle_sched_12_3_3.aag,9165007,simpleBDDSolver,24326,seqreal2,332128,complete,201.61,201.622,92176520,REALIZABLE,-,realizable
452735323,AIGER-Real/cycle_sched_12_3_3.aag,9165007,simpleBDDSolver,24326,seqreal1,332129,complete,474.306,474.392,92269092,REALIZABLE,-,realizable
452735327,AIGER-Real/mult_bool_matrix_5_3_5.aag,9165008,simpleBDDSolver,24326,seqreal2,332128,complete,894.71,894.867,92331120,REALIZABLE,-,realizable
452735328,AIGER-Real/mult_bool_matrix_5_3_5.aag,9165008,simpleBDDSolver,24326,seqreal1,332129,complete,897.483,897.67,92331120,REALIZABLE,-,realizable
452735332,AIGER-Real/amba9b40y.aag,9165009,simpleBDDSolver,24326,seqreal2,332128,complete,219.664,219.655,92237800,REALIZABLE,-,realizable
452735333,AIGER-Real/amba9b40y.aag,9165009,simpleBDDSolver,24326,seqreal1,332129,complete,238.028,238.035,92242540,REALIZABLE,-,realizable
452735337,AIGER-Real/factory_assembly_3x3_1_1errors.aag,9165010,simpleBDDSolver,24326,seqreal2,332128,complete,0.04255,0.042534,113176,UNREALIZABLE,-,unrealizable
452735338,AIGER-Real/factory_assembly_3x3_1_1errors.aag,9165010,simpleBDDSolver,24326,seqreal1,332129,complete,0.04239,0.0423401,113176,UNREALIZABLE,-,unrealizable
452735342,AIGER-Real/demo-v6_2_UNREAL.aag,9165011,simpleBDDSolver,24326,seqreal2,332128,complete,0.197688,0.197654,113176,UNREALIZABLE,-,unrealizable
452735343,AIGER-Real/demo-v6_2_UNREAL.aag,9165011,simpleBDDSolver,24326,seqreal1,332129,complete,0.265875,0.265846,113176,UNREALIZABLE,-,unrealizable
452735347,AIGER-Real/amba7match5.aag,9165012,simpleBDDSolver,24326,seqreal2,332128,complete,107.09,107.085,92107836,UNREALIZABLE,-,unrealizable
452735348,AIGER-Real/amba7match5.aag,9165012,simpleBDDSolver,24326,seqreal1,332129,complete,92.9178,92.9272,92117024,UNREALIZABLE,-,unrealizable
452735352,AIGER-Real/load_full_3_comp3_REAL.aag,9165013,simpleBDDSolver,24326,seqreal2,332128,timeout (cpu),3600.03,3600.02,92235352,--,Found neither REALIZABLE nor UNREALIZABLE,realizable
452735353,AIGER-Real/load_full_3_comp3_REAL.aag,9165013,simpleBDDSolver,24326,seqreal1,332129,timeout (cpu),3600.06,3600.41,92246936,--,Found neither REALIZABLE nor UNREALIZABLE,realizable
452735357,AIGER-Real/demo-v2_5_UNREAL.aag,9165014,simpleBDDSolver,24326,seqreal2,332128,complete,0.024465,0.024422,113176,UNREALIZABLE,-,unrealizable
452735358,AIGER-Real/demo-v2_5_UNREAL.aag,9165014,simpleBDDSolver,24326,seqreal1,332129,complete,0.024739,0.0247591,113176,UNREALIZABLE,-,unrealizable
452735362,AIGER-Real/factory_assembly_5x6_2_0errors.aag,9165015,simpleBDDSolver,24326,seqreal2,332128,complete,1684.71,1685.13,92354828,UNREALIZABLE,-,unrealizable
452735363,AIGER-Real/factory_assembly_5x6_2_0errors.aag,9165015,simpleBDDSolver,24326,seqreal1,332129,complete,1790.81,1791.05,92357456,UNREALIZABLE,-,unrealizable
452735367,AIGER-Real/bob12s01_c0to7.aag,9165016,simpleBDDSolver,24326,seqreal2,332128,timeout (cpu),3600.09,3600.51,92291540,--,Found neither REALIZABLE nor UNREALIZABLE,unknown
452735368,AIGER-Real/bob12s01_c0to7.aag,9165016,simpleBDDSolver,24326,seqreal1,332129,timeout (cpu),3600.04,3600.11,92286128,--,Found neither REALIZABLE nor UNREALIZABLE,unknown
452735372,AIGER-Real/driver_b10y.aag,9165017,simpleBDDSolver,24326,seqreal2,332128,complete,1.51673,1.51682,92055996,REALIZABLE,-,realizable
452735373,AIGER-Real/driver_b10y.aag,9165017,simpleBDDSolver,24326,seqreal1,332129,complete,1.5192,1.51936,92055960,REALIZABLE,-,realizable
452735377,AIGER-Real/driver_c6y.aag,9165018,simpleBDDSolver,24326,seqreal2,332128,complete,0.114302,0.114313,113176,UNREALIZABLE,-,unrealizable
452735378,AIGER-Real/driver_c6y.aag,9165018,simpleBDDSolver,24326,seqreal1,332129,complete,0.116198,0.116172,113176,UNREALIZABLE,-,unrealizable
